record_id,row_no,field_id,field_name,file_token,original_name,size_bytes,local_path,download_status,download_error
rec27tqRSCY5HJ,1,fldftLhjJK,问题描述图片,LQq0b0xrsoCdrPxGy6yc8qY0nDh,2026-05-27T08-40-49-729Z-f2ivag.jpg,314410,C:\Users\Administrator\Documents\New project\feishu_base_export\attachments\001_rec27tqRSCY5HJ\问题描述图片_01_2026-05-27T08-40-49-729Z-f2ivag.jpg,pending,
rec27u7TzPiVUi,2,fldmlme6mj,截图,X5NubUv53oJzVcxFFetcfVk2n4e,20260528104506_rec_.mp4,5154336,C:\Users\Administrator\Documents\New project\feishu_base_export\attachments\002_rec27u7TzPiVUi\截图_01_20260528104506_rec_.mp4,pending,
rec27u7TzPiVUi,2,fldftLhjJK,问题描述图片,QJ6vbgNA0oIy1qxkmuwcOFVnnVg,2026-05-28T02-46-01-854Z-5xx82g.jpg,554241,C:\Users\Administrator\Documents\New project\feishu_base_export\attachments\002_rec27u7TzPiVUi\问题描述图片_01_2026-05-28T02-46-01-854Z-5xx82g.jpg,pending,
rec27uvs1MJtLX,3,fldftLhjJK,问题描述图片,MtWvbSbV5ophA5xu3RUcOjdSnRf,2026-05-29T01-48-33-674Z-9tb3tk.jpg,411460,C:\Users\Administrator\Documents\New project\feishu_base_export\attachments\003_rec27uvs1MJtLX\问题描述图片_01_2026-05-29T01-48-33-674Z-9tb3tk.jpg,pending,
rec27uvUtgPPSD,4,fldmlme6mj,截图,LrLibub57oSJ4wxXYzQcIeqcneb,20260529101406_rec_.mp4,8653955,C:\Users\Administrator\Documents\New project\feishu_base_export\attachments\004_rec27uvUtgPPSD\截图_01_20260529101406_rec_.mp4,pending,
rec27uvUtgPPSD,4,fldftLhjJK,问题描述图片,ACjSbm0H2oe9iOxgJcLcXUDTnhf,2026-05-29T02-15-29-042Z-gzni2l.jpg,669843,C:\Users\Administrator\Documents\New project\feishu_base_export\attachments\004_rec27uvUtgPPSD\问题描述图片_01_2026-05-29T02-15-29-042Z-gzni2l.jpg,pending,
rec27uzHvL4c4T,5,fldftLhjJK,问题描述图片,JINob3pmro253sxLgUwcnYjqnkf,2026-05-29T05-58-00-005Z-6utayo.jpg,644559,C:\Users\Administrator\Documents\New project\feishu_base_export\attachments\005_rec27uzHvL4c4T\问题描述图片_01_2026-05-29T05-58-00-005Z-6utayo.jpg,pending,
rec27uCefsOU6o,6,fldmlme6mj,截图,F9lmbdE9qo1Jz7xzOyAcxlPfn9d,image.png,79938,C:\Users\Administrator\Documents\New project\feishu_base_export\attachments\006_rec27uCefsOU6o\截图_01_image.png,pending,
rec27uCefsOU6o,6,fldftLhjJK,问题描述图片,YYMIbVVzfogw06xEc9VcKKZcnwd,2026-05-29T08-26-21-793Z-40oo0g.jpg,415633,C:\Users\Administrator\Documents\New project\feishu_base_export\attachments\006_rec27uCefsOU6o\问题描述图片_01_2026-05-29T08-26-21-793Z-40oo0g.jpg,pending,
rec27uCeLfw5ju,7,fldmlme6mj,截图,N2kXbE2cFov91dxvb4lcfHkLnde,image.png,47465,C:\Users\Administrator\Documents\New project\feishu_base_export\attachments\007_rec27uCeLfw5ju\截图_01_image.png,pending,
rec27uCeLfw5ju,7,fldftLhjJK,问题描述图片,LTN0bAMJDogpICxtLiTcykeOnNg,2026-05-29T08-26-51-154Z-3k3zl0.jpg,371047,C:\Users\Administrator\Documents\New project\feishu_base_export\attachments\007_rec27uCeLfw5ju\问题描述图片_01_2026-05-29T08-26-51-154Z-3k3zl0.jpg,pending,
recvkfPyRoBn5c,8,fldftLhjJK,问题描述图片,X8X8bebhvoPNfFxSLgIc3Rblnpb,2026-05-27T08-40-12-568Z-4wnm0u.jpg,362364,C:\Users\Administrator\Documents\New project\feishu_base_export\attachments\008_recvkfPyRoBn5c\问题描述图片_01_2026-05-27T08-40-12-568Z-4wnm0u.jpg,pending,
recvkfQlVjKXcQ,9,fldmlme6mj,截图,ZTyDbdKVEoTVvrxSp1vcNMOinOh,image.png,68481,C:\Users\Administrator\Documents\New project\feishu_base_export\attachments\009_recvkfQlVjKXcQ\截图_01_image.png,pending,
recvkfQlVjKXcQ,9,fldftLhjJK,问题描述图片,AKgpbNXkwo37HSxyCmLcPlcNnIh,2026-05-27T08-40-20-665Z-rr97c8.jpg,386122,C:\Users\Administrator\Documents\New project\feishu_base_export\attachments\009_recvkfQlVjKXcQ\问题描述图片_01_2026-05-27T08-40-20-665Z-rr97c8.jpg,pending,
rec27vHEnnmNEb,10,fldmlme6mj,截图,MdhDbyumRoQPGqxrW2pcHt5In4g,image.png,67166,C:\Users\Administrator\Documents\New project\feishu_base_export\attachments\010_rec27vHEnnmNEb\截图_01_image.png,pending,
rec27vHEnnmNEb,10,fldftLhjJK,问题描述图片,RLj6btqCCojZCLxzom6cEvPinXe,2026-06-01T02-23-34-719Z-qs6m0z.jpg,425864,C:\Users\Administrator\Documents\New project\feishu_base_export\attachments\010_rec27vHEnnmNEb\问题描述图片_01_2026-06-01T02-23-34-719Z-qs6m0z.jpg,pending,
rec27vNqEmLcNc,11,fldmlme6mj,截图,OONGbWKXZo8NORxY2yHc0hj6n5b,image.png,1960332,C:\Users\Administrator\Documents\New project\feishu_base_export\attachments\011_rec27vNqEmLcNc\截图_01_image.png,pending,
rec27vNqEmLcNc,11,fldftLhjJK,问题描述图片,X2VibyudnoY5lTxYZtLcgOf4nkh,2026-06-01T08-02-48-764Z-qa2qoy.jpg,505632,C:\Users\Administrator\Documents\New project\feishu_base_export\attachments\011_rec27vNqEmLcNc\问题描述图片_01_2026-06-01T08-02-48-764Z-qa2qoy.jpg,pending,
recvkaHaMOlvyG,13,fldftLhjJK,问题描述图片,ObwebBWhSowAtlxqbz5ci57En4f,2026-05-27T08-40-39-939Z-4erq8g.jpg,720656,C:\Users\Administrator\Documents\New project\feishu_base_export\attachments\013_recvkaHaMOlvyG\问题描述图片_01_2026-05-27T08-40-39-939Z-4erq8g.jpg,pending,
rec27w6xyoaO6f,14,fldmlme6mj,截图,PjNLb6vrxo5HiSxBdRwcTl9Nn9g,image.png,126948,C:\Users\Administrator\Documents\New project\feishu_base_export\attachments\014_rec27w6xyoaO6f\截图_01_image.png,pending,
rec27w6xyoaO6f,14,fldftLhjJK,问题描述图片,QN8RbZWrJocUiSxENqvcwtFpnCg,2026-06-02T02-44-27-837Z-15wq41.jpg,317208,C:\Users\Administrator\Documents\New project\feishu_base_export\attachments\014_rec27w6xyoaO6f\问题描述图片_01_2026-06-02T02-44-27-837Z-15wq41.jpg,pending,
recvkNEWcjdMo6,15,fldmlme6mj,截图,VXDnbFhpzoM91vxM9QEcggQGntb,image.png,1242072,C:\Users\Administrator\Documents\New project\feishu_base_export\attachments\015_recvkNEWcjdMo6\截图_01_image.png,pending,
recvkNEWcjdMo6,15,fldftLhjJK,问题描述图片,BKDrb0mRvosRFKxfxDScFAufn0f,2026-05-27T08-40-18-756Z-jj0q0u.jpg,415971,C:\Users\Administrator\Documents\New project\feishu_base_export\attachments\015_recvkNEWcjdMo6\问题描述图片_01_2026-05-27T08-40-18-756Z-jj0q0u.jpg,pending,
recvkOu5pv9qS6,16,fldftLhjJK,问题描述图片,QfQSb9L3Xonulqxwb6gc3RCtn7e,2026-05-27T10-04-40-065Z-se1hi8.jpg,374914,C:\Users\Administrator\Documents\New project\feishu_base_export\attachments\016_recvkOu5pv9qS6\问题描述图片_01_2026-05-27T10-04-40-065Z-se1hi8.jpg,pending,
rec27u6z5p5Prg,17,fldftLhjJK,问题描述图片,ILhob11pGoNVtMxpA0PcugUAnNj,2026-05-28T01-27-53-540Z-opvk7l.jpg,285819,C:\Users\Administrator\Documents\New project\feishu_base_export\attachments\017_rec27u6z5p5Prg\问题描述图片_01_2026-05-28T01-27-53-540Z-opvk7l.jpg,pending,
rec27uebIuAJao,18,fldmlme6mj,截图,QE3NbVJmEodowrx88V9cpHKrn2b,image.png,1040928,C:\Users\Administrator\Documents\New project\feishu_base_export\attachments\018_rec27uebIuAJao\截图_01_image.png,pending,
rec27uebIuAJao,18,fldftLhjJK,问题描述图片,VKR8beh1foaUvsxC6mncwInXni0,2026-05-28T08-55-21-115Z-hagxgy.jpg,371212,C:\Users\Administrator\Documents\New project\feishu_base_export\attachments\018_rec27uebIuAJao\问题描述图片_01_2026-05-28T08-55-21-115Z-hagxgy.jpg,pending,
rec27uvuOsu2BX,19,fldftLhjJK,问题描述图片,OJLlbR057opHGWx3lkzcTcHenbb,2026-05-29T01-51-11-761Z-wjjcig.jpg,416584,C:\Users\Administrator\Documents\New project\feishu_base_export\attachments\019_rec27uvuOsu2BX\问题描述图片_01_2026-05-29T01-51-11-761Z-wjjcig.jpg,pending,
rec27uzo0XueEM,20,fldmlme6mj,截图,ZcywbkCS6okHibxBWkIcLpM0nRg,image.png,68910,C:\Users\Administrator\Documents\New project\feishu_base_export\attachments\020_rec27uzo0XueEM\截图_01_image.png,pending,
rec27uzo0XueEM,20,fldftLhjJK,问题描述图片,NDdRbScK6o3y6Tx7BUhc8YsBnNb,2026-05-29T05-39-33-758Z-vfcmq8.jpg,390311,C:\Users\Administrator\Documents\New project\feishu_base_export\attachments\020_rec27uzo0XueEM\问题描述图片_01_2026-05-29T05-39-33-758Z-vfcmq8.jpg,pending,
rec27w70gAINlZ,21,fldmlme6mj,截图,S33IbGaLdoh065xTjRUcqHELnLg,20260602-0310-55.0304943.mp4,14492435,C:\Users\Administrator\Documents\New project\feishu_base_export\attachments\021_rec27w70gAINlZ\截图_01_20260602-0310-55.0304943.mp4,pending,
rec27w70gAINlZ,21,fldftLhjJK,问题描述图片,XTjhbdHXuovqhQx0OcTcHhHVnzb,2026-06-02T03-11-39-040Z-ybtovn.jpg,539422,C:\Users\Administrator\Documents\New project\feishu_base_export\attachments\021_rec27w70gAINlZ\问题描述图片_01_2026-06-02T03-11-39-040Z-ybtovn.jpg,pending,
recvkaAxhCdR7s,22,fldmlme6mj,截图,U5babgLSMoootuxUdPIc2bfnnzd,01_prestige_research.jpg,365455,C:\Users\Administrator\Documents\New project\feishu_base_export\attachments\022_recvkaAxhCdR7s\截图_01_01_prestige_research.jpg,pending,
recvkaAxhCdR7s,22,fldftLhjJK,问题描述图片,KtBYbgSvZoPv9uxeLtdcPRnFn5g,2026-05-27T08-40-45-418Z-se9001.jpg,420746,C:\Users\Administrator\Documents\New project\feishu_base_export\attachments\022_recvkaAxhCdR7s\问题描述图片_01_2026-05-27T08-40-45-418Z-se9001.jpg,pending,
recvkdDA1CszxE,23,fldmlme6mj,截图,LfSMbJ4Q7o4vygxyn6QcugEpnIe,image.png,230071,C:\Users\Administrator\Documents\New project\feishu_base_export\attachments\023_recvkdDA1CszxE\截图_01_image.png,pending,
recvkdDA1CszxE,23,fldftLhjJK,问题描述图片,Wyjobj6cPoWbTYxcxP1clKoMn6d,2026-05-27T08-40-36-352Z-gg7y6f.jpg,419952,C:\Users\Administrator\Documents\New project\feishu_base_export\attachments\023_recvkdDA1CszxE\问题描述图片_01_2026-05-27T08-40-36-352Z-gg7y6f.jpg,pending,
recvkdUbKc4ghY,24,fldmlme6mj,截图,Rsdsb8PCbomX55x4GVtcWIMnn7d,image.png,1267787,C:\Users\Administrator\Documents\New project\feishu_base_export\attachments\024_recvkdUbKc4ghY\截图_01_image.png,pending,
recvkdUbKc4ghY,24,fldftLhjJK,问题描述图片,AZvQbsrUqomn0kxSC5Ocftq8nEd,2026-05-27T08-40-16-668Z-sqippq.jpg,319877,C:\Users\Administrator\Documents\New project\feishu_base_export\attachments\024_recvkdUbKc4ghY\问题描述图片_01_2026-05-27T08-40-16-668Z-sqippq.jpg,pending,
recvkfPF8WNvMq,25,fldmlme6mj,截图,OpSZbamFcoZHhdxtcFHcKMDNn6c,image.png,861616,C:\Users\Administrator\Documents\New project\feishu_base_export\attachments\025_recvkfPF8WNvMq\截图_01_image.png,pending,
recvkfPF8WNvMq,25,fldftLhjJK,问题描述图片,K5PYbklbVooE5sxCdAbcpmlsngp,2026-05-27T08-40-23-868Z-67chdd.jpg,592935,C:\Users\Administrator\Documents\New project\feishu_base_export\attachments\025_recvkfPF8WNvMq\问题描述图片_01_2026-05-27T08-40-23-868Z-67chdd.jpg,pending,
rec27ue8jBAtdT,26,fldmlme6mj,截图,AsGCbAtPeo5BSUxgQzsczXxFn1X,image.png,36938,C:\Users\Administrator\Documents\New project\feishu_base_export\attachments\026_rec27ue8jBAtdT\截图_01_image.png,pending,
rec27ue8jBAtdT,26,fldftLhjJK,问题描述图片,JLqnbwQnNouMdpxdppwcKbWwnCe,2026-05-28T08-52-05-258Z-p572o7.jpg,351225,C:\Users\Administrator\Documents\New project\feishu_base_export\attachments\026_rec27ue8jBAtdT\问题描述图片_01_2026-05-28T08-52-05-258Z-p572o7.jpg,pending,
rec27uvq7ulqyP,27,fldmlme6mj,截图,Tidfb4O7eohOMWxPJCrcis2znwh,image.png,1933753,C:\Users\Administrator\Documents\New project\feishu_base_export\attachments\027_rec27uvq7ulqyP\截图_01_image.png,pending,
rec27uvq7ulqyP,27,fldmlme6mj,截图,CFJQb2SARoq4RnxBVs9cJy84nAd,image.png,1941574,C:\Users\Administrator\Documents\New project\feishu_base_export\attachments\027_rec27uvq7ulqyP\截图_02_image.png,pending,
rec27uvq7ulqyP,27,fldftLhjJK,问题描述图片,DeKwbVp8wogRa2xOq74c8f7Jnbe,2026-05-29T01-46-44-590Z-73z0hw.jpg,449822,C:\Users\Administrator\Documents\New project\feishu_base_export\attachments\027_rec27uvq7ulqyP\问题描述图片_01_2026-05-29T01-46-44-590Z-73z0hw.jpg,pending,
recvln77h2LdKL,28,fldmlme6mj,截图,M4WObhQQZossgwx7fihcpePDngf,image.png,1700516,C:\Users\Administrator\Documents\New project\feishu_base_export\attachments\028_recvln77h2LdKL\截图_01_image.png,pending,
recvln77h2LdKL,28,fldftLhjJK,问题描述图片,GbWnbgpQeojeeSxKDXxc0sPHnKh,2026-06-02T08-08-24-388Z-0hh0mg.jpg,211680,C:\Users\Administrator\Documents\New project\feishu_base_export\attachments\028_recvln77h2LdKL\问题描述图片_01_2026-06-02T08-08-24-388Z-0hh0mg.jpg,pending,
recvlncgKlhl37,29,fldmlme6mj,截图,IKolbHqTYoSdBPxAuCecIzWVnYd,image.png,1784987,C:\Users\Administrator\Documents\New project\feishu_base_export\attachments\029_recvlncgKlhl37\截图_01_image.png,pending,
recvlncgKlhl37,29,fldftLhjJK,问题描述图片,AoZwbxfoaoNed3xZ5H9cUVtRnad,2026-06-02T08-31-22-817Z-zc77yw.jpg,440560,C:\Users\Administrator\Documents\New project\feishu_base_export\attachments\029_recvlncgKlhl37\问题描述图片_01_2026-06-02T08-31-22-817Z-zc77yw.jpg,pending,
rec27tJ69uu7yE,30,fldmlme6mj,截图,Be4obRUQLoonffxO0zPcYXhXn6f,image.png,2692348,C:\Users\Administrator\Documents\New project\feishu_base_export\attachments\030_rec27tJ69uu7yE\截图_01_image.png,pending,
rec27tJ69uu7yE,30,fldftLhjJK,问题描述图片,OQXhbOvDIo84LCxI97Zc4DR7nKc,2026-05-27T08-40-30-462Z-0idkqg.jpg,192175,C:\Users\Administrator\Documents\New project\feishu_base_export\attachments\030_rec27tJ69uu7yE\问题描述图片_01_2026-05-27T08-40-30-462Z-0idkqg.jpg,pending,
rec27u6FjQvBEj,31,fldmlme6mj,截图,Gbrebws9ToT07DxfFRqcEeeFn7d,image.png,66602,C:\Users\Administrator\Documents\New project\feishu_base_export\attachments\031_rec27u6FjQvBEj\截图_01_image.png,pending,
rec27u6FjQvBEj,31,fldftLhjJK,问题描述图片,DGo5bfHVko8rCRxndFAcCYHVnUl,2026-05-28T01-33-46-909Z-a16vce.jpg,677584,C:\Users\Administrator\Documents\New project\feishu_base_export\attachments\031_rec27u6FjQvBEj\问题描述图片_01_2026-05-28T01-33-46-909Z-a16vce.jpg,pending,
rec27uDZ4LpICl,32,fldmlme6mj,截图,Piu7bwJXpoEZ1QxsMptc0xB9nZe,image.png,1164588,C:\Users\Administrator\Documents\New project\feishu_base_export\attachments\032_rec27uDZ4LpICl\截图_01_image.png,pending,
rec27uDZ4LpICl,32,fldmlme6mj,截图,BpKqbbcVpoO5DQxPHWucm330nNf,image.png,1206750,C:\Users\Administrator\Documents\New project\feishu_base_export\attachments\032_rec27uDZ4LpICl\截图_02_image.png,pending,
rec27uDZ4LpICl,32,fldftLhjJK,问题描述图片,A51pbP7Lno6HZdxFJRgcH0xOnVg,2026-05-29T10-09-21-701Z-68q8bi.jpg,248291,C:\Users\Administrator\Documents\New project\feishu_base_export\attachments\032_rec27uDZ4LpICl\问题描述图片_01_2026-05-29T10-09-21-701Z-68q8bi.jpg,pending,
recvlngsI2JWVx,33,fldmlme6mj,截图,Pdc2bcgJCoqzg5x1n91cCl58nyb,image.png,717921,C:\Users\Administrator\Documents\New project\feishu_base_export\attachments\033_recvlngsI2JWVx\截图_01_image.png,pending,
recvlngsI2JWVx,33,fldftLhjJK,问题描述图片,Uy2Jb46Olo3QFwx9Txzcl2rendg,2026-06-02T08-45-04-028Z-e4bixw.jpg,239439,C:\Users\Administrator\Documents\New project\feishu_base_export\attachments\033_recvlngsI2JWVx\问题描述图片_01_2026-06-02T08-45-04-028Z-e4bixw.jpg,pending,
recvkaAxhCeRIS,34,fldmlme6mj,截图,WrCQbWS88oPfKCxcQMacbMZwnlb,08_lab_no_goal.jpg,80392,C:\Users\Administrator\Documents\New project\feishu_base_export\attachments\034_recvkaAxhCeRIS\截图_01_08_lab_no_goal.jpg,pending,
recvkaAxhCeRIS,34,fldftLhjJK,问题描述图片,NokIbNLoEoEFTdxpsYlcd7Sin3e,2026-05-27T08-40-34-298Z-zek6li.jpg,450708,C:\Users\Administrator\Documents\New project\feishu_base_export\attachments\034_recvkaAxhCeRIS\问题描述图片_01_2026-05-27T08-40-34-298Z-zek6li.jpg,pending,
recvkaAxhCKVws,35,fldmlme6mj,截图,C52ubOPSfo6Gw9xWKIVcVOJJnUf,09_power_value.jpg,39620,C:\Users\Administrator\Documents\New project\feishu_base_export\attachments\035_recvkaAxhCKVws\截图_01_09_power_value.jpg,pending,
recvkaAxhCKVws,35,fldftLhjJK,问题描述图片,LG5VbFPD4oQvdJxf7qHcIDl4nUd,2026-05-27T08-40-22-727Z-03ba4f.jpg,564518,C:\Users\Administrator\Documents\New project\feishu_base_export\attachments\035_recvkaAxhCKVws\问题描述图片_01_2026-05-27T08-40-22-727Z-03ba4f.jpg,pending,
recvkdEEvFw0Oq,36,fldmlme6mj,截图,VuMBb3Sxpo1PLjxrWsjcLPW0nmd,image.png,18662,C:\Users\Administrator\Documents\New project\feishu_base_export\attachments\036_recvkdEEvFw0Oq\截图_01_image.png,pending,
recvkdEEvFw0Oq,36,fldftLhjJK,问题描述图片,MJWHbfLVWoN7pgx25VBcIYCknSd,2026-05-27T08-40-40-227Z-fbtje9.jpg,265214,C:\Users\Administrator\Documents\New project\feishu_base_export\attachments\036_recvkdEEvFw0Oq\问题描述图片_01_2026-05-27T08-40-40-227Z-fbtje9.jpg,pending,
recvkZs3SMYmat,37,fldftLhjJK,问题描述图片,VkIrbysTRovMMfxGTBDc05IwnWb,2026-05-29T07-00-37-161Z-iyq914.jpg,469857,C:\Users\Administrator\Documents\New project\feishu_base_export\attachments\037_recvkZs3SMYmat\问题描述图片_01_2026-05-29T07-00-37-161Z-iyq914.jpg,pending,
rec27uxw3TK4B9,38,fldmlme6mj,截图,Npyqb3ocXoHGMpxB3FGcvjT0nNf,20260529113850_rec_.mp4,5864907,C:\Users\Administrator\Documents\New project\feishu_base_export\attachments\038_rec27uxw3TK4B9\截图_01_20260529113850_rec_.mp4,pending,
rec27uxw3TK4B9,38,fldmlme6mj,截图,OOhgbO8HKooLEQxaMuDchgy4nBh,image.png,103348,C:\Users\Administrator\Documents\New project\feishu_base_export\attachments\038_rec27uxw3TK4B9\截图_02_image.png,pending,
rec27uxw3TK4B9,38,fldftLhjJK,问题描述图片,IbDObujkLoI9Olxiq8FcE58vn6d,2026-05-29T03-49-45-497Z-we4yia.jpg,264314,C:\Users\Administrator\Documents\New project\feishu_base_export\attachments\038_rec27uxw3TK4B9\问题描述图片_01_2026-05-29T03-49-45-497Z-we4yia.jpg,pending,
recvkTW3xboojL,39,fldftLhjJK,问题描述图片,GZHzb0YFLoltoXxDQxUcTCi2nLb,2026-05-28T08-22-21-725Z-n8y0ej.jpg,497162,C:\Users\Administrator\Documents\New project\feishu_base_export\attachments\039_recvkTW3xboojL\问题描述图片_01_2026-05-28T08-22-21-725Z-n8y0ej.jpg,pending,
rec27u6GeVJKJf,40,fldmlme6mj,截图,BZFbbBIAKoxtcJxjJIzcGsurnfe,image.png,919081,C:\Users\Administrator\Documents\New project\feishu_base_export\attachments\040_rec27u6GeVJKJf\截图_01_image.png,pending,
rec27u6GeVJKJf,40,fldftLhjJK,问题描述图片,P4JnbUZjaomqKWxYTojcpKfpnqe,2026-05-28T01-34-39-941Z-vwmv6n.jpg,317686,C:\Users\Administrator\Documents\New project\feishu_base_export\attachments\040_rec27u6GeVJKJf\问题描述图片_01_2026-05-28T01-34-39-941Z-vwmv6n.jpg,pending,
recvkZsQl4y1Cw,41,fldmlme6mj,截图,E1HTbbVrooYTlFxUdsvclt89nAe,image.png,614147,C:\Users\Administrator\Documents\New project\feishu_base_export\attachments\041_recvkZsQl4y1Cw\截图_01_image.png,pending,
recvkZsQl4y1Cw,41,fldftLhjJK,问题描述图片,N59nbReJHozErJxkPo6cpwTEnJc,2026-05-29T07-05-27-847Z-8e57kr.jpg,589477,C:\Users\Administrator\Documents\New project\feishu_base_export\attachments\041_recvkZsQl4y1Cw\问题描述图片_01_2026-05-29T07-05-27-847Z-8e57kr.jpg,pending,
rec27uE438TTDe,42,fldmlme6mj,截图,WlDabmueUo0dE8xfQJHcpw0pn0d,image.png,162256,C:\Users\Administrator\Documents\New project\feishu_base_export\attachments\042_rec27uE438TTDe\截图_01_image.png,pending,
rec27uE438TTDe,42,fldmlme6mj,截图,OvxpbmRadoA50WxHpTOc9ODvnwc,image.png,1158809,C:\Users\Administrator\Documents\New project\feishu_base_export\attachments\042_rec27uE438TTDe\截图_02_image.png,pending,
rec27uE438TTDe,42,fldftLhjJK,问题描述图片,Ti5Zbi9jxoEOrUx3c8TcN4ilnOf,2026-05-29T10-14-04-996Z-n7wcv2.jpg,418316,C:\Users\Administrator\Documents\New project\feishu_base_export\attachments\042_rec27uE438TTDe\问题描述图片_01_2026-05-29T10-14-04-996Z-n7wcv2.jpg,pending,
recvln5OYCvJzw,43,fldmlme6mj,截图,L6WHbpiino4jEixRRbCcik2anVh,image.png,1730679,C:\Users\Administrator\Documents\New project\feishu_base_export\attachments\043_recvln5OYCvJzw\截图_01_image.png,pending,
recvln5OYCvJzw,43,fldftLhjJK,问题描述图片,EAx8bAfxaoWP0Qx0LwccQJqYnKc,2026-06-02T08-03-32-085Z-jr9g5m.jpg,434341,C:\Users\Administrator\Documents\New project\feishu_base_export\attachments\043_recvln5OYCvJzw\问题描述图片_01_2026-06-02T08-03-32-085Z-jr9g5m.jpg,pending,
recvkaAxhChQTP,44,fldmlme6mj,截图,JiQGbEswjob2mQx7yfYcsKDtnTd,04_king_worm_button.jpg,274147,C:\Users\Administrator\Documents\New project\feishu_base_export\attachments\044_recvkaAxhChQTP\截图_01_04_king_worm_button.jpg,pending,
recvkaAxhChQTP,44,fldftLhjJK,问题描述图片,WahzbVvw3ojZ4WxgzTAcZUibn3g,2026-05-27T08-40-29-009Z-w2uacl.jpg,305601,C:\Users\Administrator\Documents\New project\feishu_base_export\attachments\044_recvkaAxhChQTP\问题描述图片_01_2026-05-27T08-40-29-009Z-w2uacl.jpg,pending,
recvkaAxhCzOtB,45,fldmlme6mj,截图,WlkubvHQ3oKYkpxjHxpcVIlJnUg,05_exercise_reward.jpg,120690,C:\Users\Administrator\Documents\New project\feishu_base_export\attachments\045_recvkaAxhCzOtB\截图_01_05_exercise_reward.jpg,pending,
recvkaAxhCzOtB,45,fldftLhjJK,问题描述图片,FaDtbcW4eo9Ht0xEISHcBZYsnWf,2026-05-27T08-40-49-850Z-hz6hq9.jpg,453557,C:\Users\Administrator\Documents\New project\feishu_base_export\attachments\045_recvkaAxhCzOtB\问题描述图片_01_2026-05-27T08-40-49-850Z-hz6hq9.jpg,pending,
recvkaAxhCiJa7,46,fldftLhjJK,问题描述图片,M8babyY1JoHPpcxFhavc7mGOnEg,2026-05-27T08-40-39-212Z-s0gnx4.jpg,301152,C:\Users\Administrator\Documents\New project\feishu_base_export\attachments\046_recvkaAxhCiJa7\问题描述图片_01_2026-05-27T08-40-39-212Z-s0gnx4.jpg,pending,
recvkaCk2jL3ld,47,fldmlme6mj,截图,IwB1bywKWobH4dxKEb1cUSrSn7e,地格按钮.mp4,2895891,C:\Users\Administrator\Documents\New project\feishu_base_export\attachments\047_recvkaCk2jL3ld\截图_01_地格按钮.mp4,pending,
recvkaCk2jL3ld,47,fldftLhjJK,问题描述图片,Im41bb9BMoH27Lxw08TchZ4dncg,2026-05-27T08-40-54-986Z-zr7ri2.jpg,489025,C:\Users\Administrator\Documents\New project\feishu_base_export\attachments\047_recvkaCk2jL3ld\问题描述图片_01_2026-05-27T08-40-54-986Z-zr7ri2.jpg,pending,
recvkdEWQj9qMd,48,fldmlme6mj,截图,PoCzb0teboBV4FxokhjcDyx1nRh,image.png,477949,C:\Users\Administrator\Documents\New project\feishu_base_export\attachments\048_recvkdEWQj9qMd\截图_01_image.png,pending,
recvkdEWQj9qMd,48,fldftLhjJK,问题描述图片,X2lrbq0CGoxr0wxXhXAcuTpfnkb,2026-05-27T08-40-22-287Z-mimg5d.jpg,353121,C:\Users\Administrator\Documents\New project\feishu_base_export\attachments\048_recvkdEWQj9qMd\问题描述图片_01_2026-05-27T08-40-22-287Z-mimg5d.jpg,pending,
recvkdVvRC7c42,49,fldmlme6mj,截图,Bco6bfY7eoMjv9x7S5QcCfTJnWd,20260521115539_rec_.mp4,13113551,C:\Users\Administrator\Documents\New project\feishu_base_export\attachments\049_recvkdVvRC7c42\截图_01_20260521115539_rec_.mp4,pending,
recvkdVvRC7c42,49,fldftLhjJK,问题描述图片,BFJEbXm7LoPbg8xZKSocQrKqnDc,2026-05-27T08-40-41-765Z-wh7wam.jpg,381236,C:\Users\Administrator\Documents\New project\feishu_base_export\attachments\049_recvkdVvRC7c42\问题描述图片_01_2026-05-27T08-40-41-765Z-wh7wam.jpg,pending,
recvkfKukkzFic,50,fldmlme6mj,截图,RDuSbbhCYo4VnSxrOs2ctwCEn2g,image.png,289373,C:\Users\Administrator\Documents\New project\feishu_base_export\attachments\050_recvkfKukkzFic\截图_01_image.png,pending,
recvkfKukkzFic,50,fldftLhjJK,问题描述图片,SegWb9376oeFhzxUlbfcG3fKnVc,2026-05-27T08-40-33-477Z-avbu8b.jpg,202697,C:\Users\Administrator\Documents\New project\feishu_base_export\attachments\050_recvkfKukkzFic\问题描述图片_01_2026-05-27T08-40-33-477Z-avbu8b.jpg,pending,
recvkfQ2aY765i,51,fldmlme6mj,截图,WfbNbtP9goMfuLxqhOGczFEYnIh,image.png,56689,C:\Users\Administrator\Documents\New project\feishu_base_export\attachments\051_recvkfQ2aY765i\截图_01_image.png,pending,
recvkfQ2aY765i,51,fldftLhjJK,问题描述图片,PAefb1IzHosC5fx6AvpcWXdBnqg,2026-05-27T08-40-18-687Z-1jdrb3.jpg,434457,C:\Users\Administrator\Documents\New project\feishu_base_export\attachments\051_recvkfQ2aY765i\问题描述图片_01_2026-05-27T08-40-18-687Z-1jdrb3.jpg,pending,
recvkfR5c92MOF,52,fldftLhjJK,问题描述图片,Xdykb79nZo8shWxG9vvcS78FnRa,2026-05-27T08-40-14-660Z-vxlufn.jpg,383027,C:\Users\Administrator\Documents\New project\feishu_base_export\attachments\052_recvkfR5c92MOF\问题描述图片_01_2026-05-27T08-40-14-660Z-vxlufn.jpg,pending,
recvkGzEFiKFWn,53,fldftLhjJK,问题描述图片,LGtSbskSMoZW6Kx4e24cSvoDnjb,2026-05-27T08-40-33-574Z-az9zk3.jpg,430070,C:\Users\Administrator\Documents\New project\feishu_base_export\attachments\053_recvkGzEFiKFWn\问题描述图片_01_2026-05-27T08-40-33-574Z-az9zk3.jpg,pending,
rec27uwvDPY6mn,54,fldmlme6mj,截图,GCbpb7fnfo9THfx6SbocywWnn5c,image.png,718116,C:\Users\Administrator\Documents\New project\feishu_base_export\attachments\054_rec27uwvDPY6mn\截图_01_image.png,pending,
rec27uwvDPY6mn,54,fldftLhjJK,问题描述图片,ZQiBbkrolo3WILx9HbkcvOHXntE,2026-05-29T02-50-41-727Z-bnmfrn.jpg,197823,C:\Users\Administrator\Documents\New project\feishu_base_export\attachments\054_rec27uwvDPY6mn\问题描述图片_01_2026-05-29T02-50-41-727Z-bnmfrn.jpg,pending,
rec27uAEpelv5L,55,fldmlme6mj,截图,PbN0bX1LboagjBxJk0Hc4rPQnqK,飞书20260529-145320.mp4,1276962,C:\Users\Administrator\Documents\New project\feishu_base_export\attachments\055_rec27uAEpelv5L\截图_01_飞书20260529-145320.mp4,pending,
rec27uAEpelv5L,55,fldftLhjJK,问题描述图片,Zn0RbfaEuoMrYxx78ogcAUcsntg,2026-05-29T06-53-48-874Z-82ut67.jpg,365646,C:\Users\Administrator\Documents\New project\feishu_base_export\attachments\055_rec27uAEpelv5L\问题描述图片_01_2026-05-29T06-53-48-874Z-82ut67.jpg,pending,
rec27wdLo3OUi2,56,fldmlme6mj,截图,Btejb5ZymoYoVcxgqgacpgvKnjd,20260602-0946-39.3704136.mp4,39265038,C:\Users\Administrator\Documents\New project\feishu_base_export\attachments\056_rec27wdLo3OUi2\截图_01_20260602-0946-39.3704136.mp4,pending,
rec27wdLo3OUi2,56,fldftLhjJK,问题描述图片,Ffg8bkYjAoVlPbxv5IQcw5gmnsc,2026-06-02T09-48-25-675Z-99jt3h.jpg,351692,C:\Users\Administrator\Documents\New project\feishu_base_export\attachments\056_rec27wdLo3OUi2\问题描述图片_01_2026-06-02T09-48-25-675Z-99jt3h.jpg,pending,
