record_id,row_no,description,priority,status,remark,planner,proposer,like_count,created_time,like_users,rating,screenshot_count,problem_image_count,attachment_count,attachment_paths,raw_cells_json
rec27tqRSCY5HJ,1,HUD上有护盾的时候，护盾和血条关联度不高，很难联想到这个是护盾,P2,,,姜勋,仝夏瀛,1,2026-06-04 14:37:35,王嘉西,,0,1,1,"[""C:\\Users\\Administrator\\Documents\\New project\\feishu_base_export\\attachments\\001_rec27tqRSCY5HJ\\问题描述图片_01_2026-05-27T08-40-49-729Z-f2ivag.jpg""]","{""描述"": ""HUD上有护盾的时候，护盾和血条关联度不高，很难联想到这个是护盾"", ""截图"": null, ""优先级"": [""P2""], ""状态"": null, ""备注"": null, ""策划"": [{""id"": ""ou_867e85cdf78026203200256845dee680"", ""name"": ""姜勋""}], ""提出人"": [{""id"": ""ou_24c7971a3d10e864bce81a21ebe76a41"", ""name"": ""仝夏瀛""}], ""点赞人数"": 1, ""创建时间"": ""2026-06-04 14:37:35"", ""点赞/取消人员列表"": [{""id"": ""ou_23342d843b34735d36e44ee1efe0c37f"", ""name"": ""王嘉西""}], ""问题描述图片"": [{""file_token"": ""LQq0b0xrsoCdrPxGy6yc8qY0nDh"", ""name"": ""2026-05-27T08-40-49-729Z-f2ivag.jpg"", ""size"": 314410}], ""评分"": null}"
rec27u7TzPiVUi,2,查看buff时不响应技能操作了，很奇怪,P1,处理中,,姜勋,仝夏瀛,0,2026-06-04 14:37:35,,,1,1,2,"[""C:\\Users\\Administrator\\Documents\\New project\\feishu_base_export\\attachments\\002_rec27u7TzPiVUi\\截图_01_20260528104506_rec_.mp4"", ""C:\\Users\\Administrator\\Documents\\New project\\feishu_base_export\\attachments\\002_rec27u7TzPiVUi\\问题描述图片_01_2026-05-28T02-46-01-854Z-5xx82g.jpg""]","{""描述"": ""查看buff时不响应技能操作了，很奇怪"", ""截图"": [{""file_token"": ""X5NubUv53oJzVcxFFetcfVk2n4e"", ""name"": ""20260528104506_rec_.mp4"", ""size"": 5154336}], ""优先级"": [""P1""], ""状态"": [""处理中""], ""备注"": null, ""策划"": [{""id"": ""ou_867e85cdf78026203200256845dee680"", ""name"": ""姜勋""}], ""提出人"": [{""id"": ""ou_24c7971a3d10e864bce81a21ebe76a41"", ""name"": ""仝夏瀛""}], ""点赞人数"": null, ""创建时间"": ""2026-06-04 14:37:35"", ""点赞/取消人员列表"": null, ""问题描述图片"": [{""file_token"": ""QJ6vbgNA0oIy1qxkmuwcOFVnnVg"", ""name"": ""2026-05-28T02-46-01-854Z-5xx82g.jpg"", ""size"": 554241}], ""评分"": null}"
rec27uvs1MJtLX,3,目前音效裁剪范围偏大，希望可以调整得更小。当前常会出现视野外单位正在战斗，却无法快速定位战斗位置的问题。,P2,,,姜勋,仝夏瀛,0,2026-06-04 14:37:35,,,0,1,1,"[""C:\\Users\\Administrator\\Documents\\New project\\feishu_base_export\\attachments\\003_rec27uvs1MJtLX\\问题描述图片_01_2026-05-29T01-48-33-674Z-9tb3tk.jpg""]","{""描述"": ""目前音效裁剪范围偏大，希望可以调整得更小。当前常会出现视野外单位正在战斗，却无法快速定位战斗位置的问题。"", ""截图"": null, ""优先级"": [""P2""], ""状态"": null, ""备注"": null, ""策划"": [{""id"": ""ou_867e85cdf78026203200256845dee680"", ""name"": ""姜勋""}], ""提出人"": [{""id"": ""ou_24c7971a3d10e864bce81a21ebe76a41"", ""name"": ""仝夏瀛""}], ""点赞人数"": null, ""创建时间"": ""2026-06-04 14:37:35"", ""点赞/取消人员列表"": null, ""问题描述图片"": [{""file_token"": ""MtWvbSbV5ophA5xu3RUcOjdSnRf"", ""name"": ""2026-05-29T01-48-33-674Z-9tb3tk.jpg"", ""size"": 411460}], ""评分"": null}"
rec27uvUtgPPSD,4,点击同一个目的地坐标时，没有必要弹窗提示“正在前往目的地”，参考其他RTS游戏，这部分正常响应玩家的操作即可,P2,处理中,,姜勋,仝夏瀛,0,2026-06-04 14:37:35,,,1,1,2,"[""C:\\Users\\Administrator\\Documents\\New project\\feishu_base_export\\attachments\\004_rec27uvUtgPPSD\\截图_01_20260529101406_rec_.mp4"", ""C:\\Users\\Administrator\\Documents\\New project\\feishu_base_export\\attachments\\004_rec27uvUtgPPSD\\问题描述图片_01_2026-05-29T02-15-29-042Z-gzni2l.jpg""]","{""描述"": ""点击同一个目的地坐标时，没有必要弹窗提示“正在前往目的地”，参考其他RTS游戏，这部分正常响应玩家的操作即可"", ""截图"": [{""file_token"": ""LrLibub57oSJ4wxXYzQcIeqcneb"", ""name"": ""20260529101406_rec_.mp4"", ""size"": 8653955}], ""优先级"": [""P2""], ""状态"": [""处理中""], ""备注"": null, ""策划"": [{""id"": ""ou_867e85cdf78026203200256845dee680"", ""name"": ""姜勋""}], ""提出人"": [{""id"": ""ou_24c7971a3d10e864bce81a21ebe76a41"", ""name"": ""仝夏瀛""}], ""点赞人数"": null, ""创建时间"": ""2026-06-04 14:37:35"", ""点赞/取消人员列表"": null, ""问题描述图片"": [{""file_token"": ""ACjSbm0H2oe9iOxgJcLcXUDTnhf"", ""name"": ""2026-05-29T02-15-29-042Z-gzni2l.jpg"", ""size"": 669843}], ""评分"": null}"
rec27uzHvL4c4T,5,"大锤战斗体验问题：
1.第二个技能可以用类似鲁班大师的提示来提示玩家技能机制是和普攻次数相关的。
2.二技能触发的动作最好是一个特殊的普攻动作，类似DOTA2的大锤
3.放大招后不知道为什么停顿的时间显著的比攻击间隔要长。",P2,,,姜勋,仝夏瀛,0,2026-06-04 14:37:35,,,0,1,1,"[""C:\\Users\\Administrator\\Documents\\New project\\feishu_base_export\\attachments\\005_rec27uzHvL4c4T\\问题描述图片_01_2026-05-29T05-58-00-005Z-6utayo.jpg""]","{""描述"": ""大锤战斗体验问题：\n1.第二个技能可以用类似鲁班大师的提示来提示玩家技能机制是和普攻次数相关的。\n2.二技能触发的动作最好是一个特殊的普攻动作，类似DOTA2的大锤\n3.放大招后不知道为什么停顿的时间显著的比攻击间隔要长。"", ""截图"": null, ""优先级"": [""P2""], ""状态"": null, ""备注"": null, ""策划"": [{""id"": ""ou_867e85cdf78026203200256845dee680"", ""name"": ""姜勋""}], ""提出人"": [{""id"": ""ou_24c7971a3d10e864bce81a21ebe76a41"", ""name"": ""仝夏瀛""}], ""点赞人数"": null, ""创建时间"": ""2026-06-04 14:37:35"", ""点赞/取消人员列表"": null, ""问题描述图片"": [{""file_token"": ""JINob3pmro253sxLgUwcnYjqnkf"", ""name"": ""2026-05-29T05-58-00-005Z-6utayo.jpg"", ""size"": 644559}], ""评分"": null}"
rec27uCefsOU6o,6,点击技能显示的tips太窄了，文字排版很不好看,P2,,,姜勋,仝夏瀛,0,2026-06-04 14:37:35,,,1,1,2,"[""C:\\Users\\Administrator\\Documents\\New project\\feishu_base_export\\attachments\\006_rec27uCefsOU6o\\截图_01_image.png"", ""C:\\Users\\Administrator\\Documents\\New project\\feishu_base_export\\attachments\\006_rec27uCefsOU6o\\问题描述图片_01_2026-05-29T08-26-21-793Z-40oo0g.jpg""]","{""描述"": ""点击技能显示的tips太窄了，文字排版很不好看"", ""截图"": [{""file_token"": ""F9lmbdE9qo1Jz7xzOyAcxlPfn9d"", ""name"": ""image.png"", ""size"": 79938}], ""优先级"": [""P2""], ""状态"": null, ""备注"": null, ""策划"": [{""id"": ""ou_867e85cdf78026203200256845dee680"", ""name"": ""姜勋""}], ""提出人"": [{""id"": ""ou_24c7971a3d10e864bce81a21ebe76a41"", ""name"": ""仝夏瀛""}], ""点赞人数"": null, ""创建时间"": ""2026-06-04 14:37:35"", ""点赞/取消人员列表"": null, ""问题描述图片"": [{""file_token"": ""YYMIbVVzfogw06xEc9VcKKZcnwd"", ""name"": ""2026-05-29T08-26-21-793Z-40oo0g.jpg"", ""size"": 415633}], ""评分"": null}"
rec27uCeLfw5ju,7,主动模组也应该可以点击查看tips,P2,,,姜勋,仝夏瀛,0,2026-06-04 14:37:35,,,1,1,2,"[""C:\\Users\\Administrator\\Documents\\New project\\feishu_base_export\\attachments\\007_rec27uCeLfw5ju\\截图_01_image.png"", ""C:\\Users\\Administrator\\Documents\\New project\\feishu_base_export\\attachments\\007_rec27uCeLfw5ju\\问题描述图片_01_2026-05-29T08-26-51-154Z-3k3zl0.jpg""]","{""描述"": ""主动模组也应该可以点击查看tips"", ""截图"": [{""file_token"": ""N2kXbE2cFov91dxvb4lcfHkLnde"", ""name"": ""image.png"", ""size"": 47465}], ""优先级"": [""P2""], ""状态"": null, ""备注"": null, ""策划"": [{""id"": ""ou_867e85cdf78026203200256845dee680"", ""name"": ""姜勋""}], ""提出人"": [{""id"": ""ou_24c7971a3d10e864bce81a21ebe76a41"", ""name"": ""仝夏瀛""}], ""点赞人数"": null, ""创建时间"": ""2026-06-04 14:37:35"", ""点赞/取消人员列表"": null, ""问题描述图片"": [{""file_token"": ""LTN0bAMJDogpICxtLiTcykeOnNg"", ""name"": ""2026-05-29T08-26-51-154Z-3k3zl0.jpg"", ""size"": 371047}], ""评分"": null}"
recvkfPyRoBn5c,8,主界面增加显示体力信息,P1,设计中,[https://project.feishu.cn/t0k6tk/issue/detail/7000058425](https://project.feishu.cn/t0k6tk/issue/detail/7000058425),李尧,仝夏瀛,0,2026-06-04 14:37:35,,,0,1,1,"[""C:\\Users\\Administrator\\Documents\\New project\\feishu_base_export\\attachments\\008_recvkfPyRoBn5c\\问题描述图片_01_2026-05-27T08-40-12-568Z-4wnm0u.jpg""]","{""描述"": ""主界面增加显示体力信息"", ""截图"": null, ""优先级"": [""P1""], ""状态"": [""设计中""], ""备注"": ""[https://project.feishu.cn/t0k6tk/issue/detail/7000058425](https://project.feishu.cn/t0k6tk/issue/detail/7000058425)"", ""策划"": [{""id"": ""ou_ff6fd02a025c4450056b8e8d725d3408"", ""name"": ""李尧""}], ""提出人"": [{""id"": ""ou_24c7971a3d10e864bce81a21ebe76a41"", ""name"": ""仝夏瀛""}], ""点赞人数"": null, ""创建时间"": ""2026-06-04 14:37:35"", ""点赞/取消人员列表"": null, ""问题描述图片"": [{""file_token"": ""X8X8bebhvoPNfFxSLgIc3Rblnpb"", ""name"": ""2026-05-27T08-40-12-568Z-4wnm0u.jpg"", ""size"": 362364}], ""评分"": null}"
recvkfQlVjKXcQ,9,HUD上方的资源信息增加点击tips,P1,设计中,[https://project.feishu.cn/t0k6tk/issue/detail/7000234571](https://project.feishu.cn/t0k6tk/issue/detail/7000234571),李尧,仝夏瀛,0,2026-06-04 14:37:35,,,1,1,2,"[""C:\\Users\\Administrator\\Documents\\New project\\feishu_base_export\\attachments\\009_recvkfQlVjKXcQ\\截图_01_image.png"", ""C:\\Users\\Administrator\\Documents\\New project\\feishu_base_export\\attachments\\009_recvkfQlVjKXcQ\\问题描述图片_01_2026-05-27T08-40-20-665Z-rr97c8.jpg""]","{""描述"": ""HUD上方的资源信息增加点击tips"", ""截图"": [{""file_token"": ""ZTyDbdKVEoTVvrxSp1vcNMOinOh"", ""name"": ""image.png"", ""size"": 68481}], ""优先级"": [""P1""], ""状态"": [""设计中""], ""备注"": ""[https://project.feishu.cn/t0k6tk/issue/detail/7000234571](https://project.feishu.cn/t0k6tk/issue/detail/7000234571)"", ""策划"": [{""id"": ""ou_ff6fd02a025c4450056b8e8d725d3408"", ""name"": ""李尧""}], ""提出人"": [{""id"": ""ou_24c7971a3d10e864bce81a21ebe76a41"", ""name"": ""仝夏瀛""}], ""点赞人数"": null, ""创建时间"": ""2026-06-04 14:37:35"", ""点赞/取消人员列表"": null, ""问题描述图片"": [{""file_token"": ""AKgpbNXkwo37HSxyCmLcPlcNnIh"", ""name"": ""2026-05-27T08-40-20-665Z-rr97c8.jpg"", ""size"": 386122}], ""评分"": null}"
rec27vHEnnmNEb,10,资源溢出后参考三谋字体变红,P2,,,李尧,仝夏瀛,0,2026-06-04 14:37:35,,,1,1,2,"[""C:\\Users\\Administrator\\Documents\\New project\\feishu_base_export\\attachments\\010_rec27vHEnnmNEb\\截图_01_image.png"", ""C:\\Users\\Administrator\\Documents\\New project\\feishu_base_export\\attachments\\010_rec27vHEnnmNEb\\问题描述图片_01_2026-06-01T02-23-34-719Z-qs6m0z.jpg""]","{""描述"": ""资源溢出后参考三谋字体变红"", ""截图"": [{""file_token"": ""MdhDbyumRoQPGqxrW2pcHt5In4g"", ""name"": ""image.png"", ""size"": 67166}], ""优先级"": [""P2""], ""状态"": null, ""备注"": null, ""策划"": [{""id"": ""ou_ff6fd02a025c4450056b8e8d725d3408"", ""name"": ""李尧""}], ""提出人"": [{""id"": ""ou_24c7971a3d10e864bce81a21ebe76a41"", ""name"": ""仝夏瀛""}], ""点赞人数"": null, ""创建时间"": ""2026-06-04 14:37:35"", ""点赞/取消人员列表"": null, ""问题描述图片"": [{""file_token"": ""RLj6btqCCojZCLxzom6cEvPinXe"", ""name"": ""2026-06-01T02-23-34-719Z-qs6m0z.jpg"", ""size"": 425864}], ""评分"": null}"
rec27vNqEmLcNc,11,在战斗激烈的场景下，非战斗界面元素应支持隐藏功能。战斗过程中希望留出更多区域展示战斗、战场、数值相关信息，而非保留这些常驻面板。,,,,李尧,仝夏瀛,0,2026-06-04 14:37:35,,,1,1,2,"[""C:\\Users\\Administrator\\Documents\\New project\\feishu_base_export\\attachments\\011_rec27vNqEmLcNc\\截图_01_image.png"", ""C:\\Users\\Administrator\\Documents\\New project\\feishu_base_export\\attachments\\011_rec27vNqEmLcNc\\问题描述图片_01_2026-06-01T08-02-48-764Z-qa2qoy.jpg""]","{""描述"": ""在战斗激烈的场景下，非战斗界面元素应支持隐藏功能。战斗过程中希望留出更多区域展示战斗、战场、数值相关信息，而非保留这些常驻面板。"", ""截图"": [{""file_token"": ""OONGbWKXZo8NORxY2yHc0hj6n5b"", ""name"": ""image.png"", ""size"": 1960332}], ""优先级"": null, ""状态"": null, ""备注"": null, ""策划"": [{""id"": ""ou_ff6fd02a025c4450056b8e8d725d3408"", ""name"": ""李尧""}], ""提出人"": [{""id"": ""ou_24c7971a3d10e864bce81a21ebe76a41"", ""name"": ""仝夏瀛""}], ""点赞人数"": null, ""创建时间"": ""2026-06-04 14:37:35"", ""点赞/取消人员列表"": null, ""问题描述图片"": [{""file_token"": ""X2VibyudnoY5lTxYZtLcgOf4nkh"", ""name"": ""2026-06-01T08-02-48-764Z-qa2qoy.jpg"", ""size"": 505632}], ""评分"": null}"
recvllJGEQVbMa,12,,,,,李尧,仝夏瀛,0,2026-06-04 14:37:35,,,0,0,0,[],"{""描述"": null, ""截图"": null, ""优先级"": null, ""状态"": null, ""备注"": null, ""策划"": [{""id"": ""ou_ff6fd02a025c4450056b8e8d725d3408"", ""name"": ""李尧""}], ""提出人"": [{""id"": ""ou_24c7971a3d10e864bce81a21ebe76a41"", ""name"": ""仝夏瀛""}], ""点赞人数"": null, ""创建时间"": ""2026-06-04 14:37:35"", ""点赞/取消人员列表"": null, ""问题描述图片"": null, ""评分"": null}"
recvkaHaMOlvyG,13,"生产线槽位适合做成长反馈——>（让玩家希望填充产线而增加打虫的动力，数值循环变强——因为效率设计后置
可以考虑在玩家等级上投放一些
玩家前期如果不填充产线很难自发意识到需要通过重复刷虫子来升级",P2,,,刘洋,仝夏瀛,0,2026-06-04 14:37:35,,,0,1,1,"[""C:\\Users\\Administrator\\Documents\\New project\\feishu_base_export\\attachments\\013_recvkaHaMOlvyG\\问题描述图片_01_2026-05-27T08-40-39-939Z-4erq8g.jpg""]","{""描述"": ""生产线槽位适合做成长反馈——>（让玩家希望填充产线而增加打虫的动力，数值循环变强——因为效率设计后置\n可以考虑在玩家等级上投放一些\n玩家前期如果不填充产线很难自发意识到需要通过重复刷虫子来升级"", ""截图"": null, ""优先级"": [""P2""], ""状态"": null, ""备注"": null, ""策划"": [{""id"": ""ou_4904430abbf99b4d7d8fa0c21760fbf2"", ""name"": ""刘洋""}], ""提出人"": [{""id"": ""ou_24c7971a3d10e864bce81a21ebe76a41"", ""name"": ""仝夏瀛""}], ""点赞人数"": null, ""创建时间"": ""2026-06-04 14:37:35"", ""点赞/取消人员列表"": null, ""问题描述图片"": [{""file_token"": ""ObwebBWhSowAtlxqbz5ci57En4f"", ""name"": ""2026-05-27T08-40-39-939Z-4erq8g.jpg"", ""size"": 720656}], ""评分"": null}"
rec27w6xyoaO6f,14,有每日免费抽奖时希望有红点提示,P1,处理中,[https://project.feishu.cn/t0k6tk/issue/detail/7005992825](https://project.feishu.cn/t0k6tk/issue/detail/7005992825),刘洋,仝夏瀛,0,2026-06-04 14:37:35,,,1,1,2,"[""C:\\Users\\Administrator\\Documents\\New project\\feishu_base_export\\attachments\\014_rec27w6xyoaO6f\\截图_01_image.png"", ""C:\\Users\\Administrator\\Documents\\New project\\feishu_base_export\\attachments\\014_rec27w6xyoaO6f\\问题描述图片_01_2026-06-02T02-44-27-837Z-15wq41.jpg""]","{""描述"": ""有每日免费抽奖时希望有红点提示"", ""截图"": [{""file_token"": ""PjNLb6vrxo5HiSxBdRwcTl9Nn9g"", ""name"": ""image.png"", ""size"": 126948}], ""优先级"": [""P1""], ""状态"": [""处理中""], ""备注"": ""[https://project.feishu.cn/t0k6tk/issue/detail/7005992825](https://project.feishu.cn/t0k6tk/issue/detail/7005992825)"", ""策划"": [{""id"": ""ou_4904430abbf99b4d7d8fa0c21760fbf2"", ""name"": ""刘洋""}], ""提出人"": [{""id"": ""ou_24c7971a3d10e864bce81a21ebe76a41"", ""name"": ""仝夏瀛""}], ""点赞人数"": null, ""创建时间"": ""2026-06-04 14:37:35"", ""点赞/取消人员列表"": null, ""问题描述图片"": [{""file_token"": ""QN8RbZWrJocUiSxENqvcwtFpnCg"", ""name"": ""2026-06-02T02-44-27-837Z-15wq41.jpg"", ""size"": 317208}], ""评分"": null}"
recvkNEWcjdMo6,15,势力值和荣誉的说明按钮点了没反应,P2,,,王嘉西,仝夏瀛,1,2026-06-04 14:37:35,仝夏瀛,,1,1,2,"[""C:\\Users\\Administrator\\Documents\\New project\\feishu_base_export\\attachments\\015_recvkNEWcjdMo6\\截图_01_image.png"", ""C:\\Users\\Administrator\\Documents\\New project\\feishu_base_export\\attachments\\015_recvkNEWcjdMo6\\问题描述图片_01_2026-05-27T08-40-18-756Z-jj0q0u.jpg""]","{""描述"": ""势力值和荣誉的说明按钮点了没反应"", ""截图"": [{""file_token"": ""VXDnbFhpzoM91vxM9QEcggQGntb"", ""name"": ""image.png"", ""size"": 1242072}], ""优先级"": [""P2""], ""状态"": null, ""备注"": null, ""策划"": [{""id"": ""ou_23342d843b34735d36e44ee1efe0c37f"", ""name"": ""王嘉西""}], ""提出人"": [{""id"": ""ou_24c7971a3d10e864bce81a21ebe76a41"", ""name"": ""仝夏瀛""}], ""点赞人数"": 1, ""创建时间"": ""2026-06-04 14:37:35"", ""点赞/取消人员列表"": [{""id"": ""ou_24c7971a3d10e864bce81a21ebe76a41"", ""name"": ""仝夏瀛""}], ""问题描述图片"": [{""file_token"": ""BKDrb0mRvosRFKxfxDScFAufn0f"", ""name"": ""2026-05-27T08-40-18-756Z-jj0q0u.jpg"", ""size"": 415971}], ""评分"": null}"
recvkOu5pv9qS6,16,内城王虫挑战次数为0，点击挑战没反馈,P2,,,王嘉西,仝夏瀛,0,2026-06-04 14:37:35,,,0,1,1,"[""C:\\Users\\Administrator\\Documents\\New project\\feishu_base_export\\attachments\\016_recvkOu5pv9qS6\\问题描述图片_01_2026-05-27T10-04-40-065Z-se1hi8.jpg""]","{""描述"": ""内城王虫挑战次数为0，点击挑战没反馈"", ""截图"": null, ""优先级"": [""P2""], ""状态"": null, ""备注"": null, ""策划"": [{""id"": ""ou_23342d843b34735d36e44ee1efe0c37f"", ""name"": ""王嘉西""}], ""提出人"": [{""id"": ""ou_24c7971a3d10e864bce81a21ebe76a41"", ""name"": ""仝夏瀛""}], ""点赞人数"": null, ""创建时间"": ""2026-06-04 14:37:35"", ""点赞/取消人员列表"": null, ""问题描述图片"": [{""file_token"": ""QfQSb9L3Xonulqxwb6gc3RCtn7e"", ""name"": ""2026-05-27T10-04-40-065Z-se1hi8.jpg"", ""size"": 374914}], ""评分"": null}"
rec27u6z5p5Prg,17,第一次合金不足很无奈，且游戏过程中完全不会意识到将要缺了,P2,,,王嘉西,仝夏瀛,0,2026-06-04 14:37:35,,,0,1,1,"[""C:\\Users\\Administrator\\Documents\\New project\\feishu_base_export\\attachments\\017_rec27u6z5p5Prg\\问题描述图片_01_2026-05-28T01-27-53-540Z-opvk7l.jpg""]","{""描述"": ""第一次合金不足很无奈，且游戏过程中完全不会意识到将要缺了"", ""截图"": null, ""优先级"": [""P2""], ""状态"": null, ""备注"": null, ""策划"": [{""id"": ""ou_23342d843b34735d36e44ee1efe0c37f"", ""name"": ""王嘉西""}], ""提出人"": [{""id"": ""ou_24c7971a3d10e864bce81a21ebe76a41"", ""name"": ""仝夏瀛""}], ""点赞人数"": null, ""创建时间"": ""2026-06-04 14:37:35"", ""点赞/取消人员列表"": null, ""问题描述图片"": [{""file_token"": ""ILhob11pGoNVtMxpA0PcugUAnNj"", ""name"": ""2026-05-28T01-27-53-540Z-opvk7l.jpg"", ""size"": 285819}], ""评分"": null}"
rec27uebIuAJao,18,这里或者王虫上面 可以显示下当前最高可挑战王虫/哪些是可以挑战王虫,P2,,,王嘉西,仝夏瀛,0,2026-06-04 14:37:35,,,1,1,2,"[""C:\\Users\\Administrator\\Documents\\New project\\feishu_base_export\\attachments\\018_rec27uebIuAJao\\截图_01_image.png"", ""C:\\Users\\Administrator\\Documents\\New project\\feishu_base_export\\attachments\\018_rec27uebIuAJao\\问题描述图片_01_2026-05-28T08-55-21-115Z-hagxgy.jpg""]","{""描述"": ""这里或者王虫上面 可以显示下当前最高可挑战王虫/哪些是可以挑战王虫"", ""截图"": [{""file_token"": ""QE3NbVJmEodowrx88V9cpHKrn2b"", ""name"": ""image.png"", ""size"": 1040928}], ""优先级"": [""P2""], ""状态"": null, ""备注"": null, ""策划"": [{""id"": ""ou_23342d843b34735d36e44ee1efe0c37f"", ""name"": ""王嘉西""}], ""提出人"": [{""id"": ""ou_24c7971a3d10e864bce81a21ebe76a41"", ""name"": ""仝夏瀛""}], ""点赞人数"": null, ""创建时间"": ""2026-06-04 14:37:35"", ""点赞/取消人员列表"": null, ""问题描述图片"": [{""file_token"": ""VKR8beh1foaUvsxC6mncwInXni0"", ""name"": ""2026-05-28T08-55-21-115Z-hagxgy.jpg"", ""size"": 371212}], ""评分"": null}"
rec27uvuOsu2BX,19,章节任务的标题和描述有点过于和游戏进程不符了，感觉不太好,P2,,,王嘉西,仝夏瀛,0,2026-06-04 14:37:35,,,0,1,1,"[""C:\\Users\\Administrator\\Documents\\New project\\feishu_base_export\\attachments\\019_rec27uvuOsu2BX\\问题描述图片_01_2026-05-29T01-51-11-761Z-wjjcig.jpg""]","{""描述"": ""章节任务的标题和描述有点过于和游戏进程不符了，感觉不太好"", ""截图"": null, ""优先级"": [""P2""], ""状态"": null, ""备注"": null, ""策划"": [{""id"": ""ou_23342d843b34735d36e44ee1efe0c37f"", ""name"": ""王嘉西""}], ""提出人"": [{""id"": ""ou_24c7971a3d10e864bce81a21ebe76a41"", ""name"": ""仝夏瀛""}], ""点赞人数"": null, ""创建时间"": ""2026-06-04 14:37:35"", ""点赞/取消人员列表"": null, ""问题描述图片"": [{""file_token"": ""OJLlbR057opHGWx3lkzcTcHenbb"", ""name"": ""2026-05-29T01-51-11-761Z-wjjcig.jpg"", ""size"": 416584}], ""评分"": null}"
rec27uzo0XueEM,20,点击复制按钮后，弹一个toast给予反馈“UID（昵称）复制成功”,P2,,,王嘉西,仝夏瀛,0,2026-06-04 14:37:35,,,1,1,2,"[""C:\\Users\\Administrator\\Documents\\New project\\feishu_base_export\\attachments\\020_rec27uzo0XueEM\\截图_01_image.png"", ""C:\\Users\\Administrator\\Documents\\New project\\feishu_base_export\\attachments\\020_rec27uzo0XueEM\\问题描述图片_01_2026-05-29T05-39-33-758Z-vfcmq8.jpg""]","{""描述"": ""点击复制按钮后，弹一个toast给予反馈“UID（昵称）复制成功”"", ""截图"": [{""file_token"": ""ZcywbkCS6okHibxBWkIcLpM0nRg"", ""name"": ""image.png"", ""size"": 68910}], ""优先级"": [""P2""], ""状态"": null, ""备注"": null, ""策划"": [{""id"": ""ou_23342d843b34735d36e44ee1efe0c37f"", ""name"": ""王嘉西""}], ""提出人"": [{""id"": ""ou_24c7971a3d10e864bce81a21ebe76a41"", ""name"": ""仝夏瀛""}], ""点赞人数"": null, ""创建时间"": ""2026-06-04 14:37:35"", ""点赞/取消人员列表"": null, ""问题描述图片"": [{""file_token"": ""NDdRbScK6o3y6Tx7BUhc8YsBnNb"", ""name"": ""2026-05-29T05-39-33-758Z-vfcmq8.jpg"", ""size"": 390311}], ""评分"": null}"
rec27w70gAINlZ,21,城内王虫打过12级之后因为最高等级就是12所以不会升级，导致城外王虫永远都打不了12级王虫,P2,,,王嘉西,仝夏瀛,0,2026-06-04 14:37:35,,,1,1,2,"[""C:\\Users\\Administrator\\Documents\\New project\\feishu_base_export\\attachments\\021_rec27w70gAINlZ\\截图_01_20260602-0310-55.0304943.mp4"", ""C:\\Users\\Administrator\\Documents\\New project\\feishu_base_export\\attachments\\021_rec27w70gAINlZ\\问题描述图片_01_2026-06-02T03-11-39-040Z-ybtovn.jpg""]","{""描述"": ""城内王虫打过12级之后因为最高等级就是12所以不会升级，导致城外王虫永远都打不了12级王虫"", ""截图"": [{""file_token"": ""S33IbGaLdoh065xTjRUcqHELnLg"", ""name"": ""20260602-0310-55.0304943.mp4"", ""size"": 14492435}], ""优先级"": [""P2""], ""状态"": null, ""备注"": null, ""策划"": [{""id"": ""ou_23342d843b34735d36e44ee1efe0c37f"", ""name"": ""王嘉西""}], ""提出人"": [{""id"": ""ou_24c7971a3d10e864bce81a21ebe76a41"", ""name"": ""仝夏瀛""}], ""点赞人数"": null, ""创建时间"": ""2026-06-04 14:37:35"", ""点赞/取消人员列表"": null, ""问题描述图片"": [{""file_token"": ""XTjhbdHXuovqhQx0OcTcHhHVnzb"", ""name"": ""2026-06-02T03-11-39-040Z-ybtovn.jpg"", ""size"": 539422}], ""评分"": null}"
recvkaAxhCdR7s,22,研究资源核心加声望值提示不明显，完全没意识到，而且感觉很奇怪,P2,处理中,目前是在生产线重构方案里加了一点处理。建造/升级生产线的弹窗里资源核心信息加了势力值数值,王宇轩（实习）,仝夏瀛,0,2026-06-04 14:37:35,,,1,1,2,"[""C:\\Users\\Administrator\\Documents\\New project\\feishu_base_export\\attachments\\022_recvkaAxhCdR7s\\截图_01_01_prestige_research.jpg"", ""C:\\Users\\Administrator\\Documents\\New project\\feishu_base_export\\attachments\\022_recvkaAxhCdR7s\\问题描述图片_01_2026-05-27T08-40-45-418Z-se9001.jpg""]","{""描述"": ""研究资源核心加声望值提示不明显，完全没意识到，而且感觉很奇怪"", ""截图"": [{""file_token"": ""U5babgLSMoootuxUdPIc2bfnnzd"", ""name"": ""01_prestige_research.jpg"", ""size"": 365455}], ""优先级"": [""P2""], ""状态"": [""处理中""], ""备注"": ""目前是在生产线重构方案里加了一点处理。建造/升级生产线的弹窗里资源核心信息加了势力值数值"", ""策划"": [{""id"": ""ou_91ac14683e3cf2bbf37e301fb24469f1"", ""name"": ""王宇轩（实习）""}], ""提出人"": [{""id"": ""ou_24c7971a3d10e864bce81a21ebe76a41"", ""name"": ""仝夏瀛""}], ""点赞人数"": null, ""创建时间"": ""2026-06-04 14:37:35"", ""点赞/取消人员列表"": null, ""问题描述图片"": [{""file_token"": ""KtBYbgSvZoPv9uxeLtdcPRnFn5g"", ""name"": ""2026-05-27T08-40-45-418Z-se9001.jpg"", ""size"": 420746}], ""评分"": null}"
recvkdDA1CszxE,23,615版本优化生产线功能时考虑一下，背包里没有核心时提示玩家去击杀王虫,P2,,跟生产线优化一起,王宇轩（实习）,仝夏瀛,1,2026-06-04 14:37:35,李承轩,,1,1,2,"[""C:\\Users\\Administrator\\Documents\\New project\\feishu_base_export\\attachments\\023_recvkdDA1CszxE\\截图_01_image.png"", ""C:\\Users\\Administrator\\Documents\\New project\\feishu_base_export\\attachments\\023_recvkdDA1CszxE\\问题描述图片_01_2026-05-27T08-40-36-352Z-gg7y6f.jpg""]","{""描述"": ""615版本优化生产线功能时考虑一下，背包里没有核心时提示玩家去击杀王虫"", ""截图"": [{""file_token"": ""LfSMbJ4Q7o4vygxyn6QcugEpnIe"", ""name"": ""image.png"", ""size"": 230071}], ""优先级"": [""P2""], ""状态"": null, ""备注"": ""跟生产线优化一起"", ""策划"": [{""id"": ""ou_91ac14683e3cf2bbf37e301fb24469f1"", ""name"": ""王宇轩（实习）""}], ""提出人"": [{""id"": ""ou_24c7971a3d10e864bce81a21ebe76a41"", ""name"": ""仝夏瀛""}], ""点赞人数"": 1, ""创建时间"": ""2026-06-04 14:37:35"", ""点赞/取消人员列表"": [{""id"": ""ou_b02713d5214e4c3410d05ea8a2ca0fdb"", ""name"": ""李承轩""}], ""问题描述图片"": [{""file_token"": ""Wyjobj6cPoWbTYxcxP1clKoMn6d"", ""name"": ""2026-05-27T08-40-36-352Z-gg7y6f.jpg"", ""size"": 419952}], ""评分"": null}"
recvkdUbKc4ghY,24,生产线界面里，看不到当前资源数量详情,P1,,跟生产线优化一起,王宇轩（实习）,仝夏瀛,0,2026-06-04 14:37:35,,,1,1,2,"[""C:\\Users\\Administrator\\Documents\\New project\\feishu_base_export\\attachments\\024_recvkdUbKc4ghY\\截图_01_image.png"", ""C:\\Users\\Administrator\\Documents\\New project\\feishu_base_export\\attachments\\024_recvkdUbKc4ghY\\问题描述图片_01_2026-05-27T08-40-16-668Z-sqippq.jpg""]","{""描述"": ""生产线界面里，看不到当前资源数量详情"", ""截图"": [{""file_token"": ""Rsdsb8PCbomX55x4GVtcWIMnn7d"", ""name"": ""image.png"", ""size"": 1267787}], ""优先级"": [""P1""], ""状态"": null, ""备注"": ""跟生产线优化一起"", ""策划"": [{""id"": ""ou_91ac14683e3cf2bbf37e301fb24469f1"", ""name"": ""王宇轩（实习）""}], ""提出人"": [{""id"": ""ou_24c7971a3d10e864bce81a21ebe76a41"", ""name"": ""仝夏瀛""}], ""点赞人数"": null, ""创建时间"": ""2026-06-04 14:37:35"", ""点赞/取消人员列表"": null, ""问题描述图片"": [{""file_token"": ""AZvQbsrUqomn0kxSC5Ocftq8nEd"", ""name"": ""2026-05-27T08-40-16-668Z-sqippq.jpg"", ""size"": 319877}], ""评分"": null}"
recvkfPF8WNvMq,25,异兽弹窗预览资源核心的时候看不到生产效率信息，写在道具描述里可能也不是个好办法,P2,,考虑一下。目前情况来说可能没有什么更好方法,王宇轩（实习）,仝夏瀛,0,2026-06-04 14:37:35,,,1,1,2,"[""C:\\Users\\Administrator\\Documents\\New project\\feishu_base_export\\attachments\\025_recvkfPF8WNvMq\\截图_01_image.png"", ""C:\\Users\\Administrator\\Documents\\New project\\feishu_base_export\\attachments\\025_recvkfPF8WNvMq\\问题描述图片_01_2026-05-27T08-40-23-868Z-67chdd.jpg""]","{""描述"": ""异兽弹窗预览资源核心的时候看不到生产效率信息，写在道具描述里可能也不是个好办法"", ""截图"": [{""file_token"": ""OpSZbamFcoZHhdxtcFHcKMDNn6c"", ""name"": ""image.png"", ""size"": 861616}], ""优先级"": [""P2""], ""状态"": null, ""备注"": ""考虑一下。目前情况来说可能没有什么更好方法"", ""策划"": [{""id"": ""ou_91ac14683e3cf2bbf37e301fb24469f1"", ""name"": ""王宇轩（实习）""}], ""提出人"": [{""id"": ""ou_24c7971a3d10e864bce81a21ebe76a41"", ""name"": ""仝夏瀛""}], ""点赞人数"": null, ""创建时间"": ""2026-06-04 14:37:35"", ""点赞/取消人员列表"": null, ""问题描述图片"": [{""file_token"": ""K5PYbklbVooE5sxCdAbcpmlsngp"", ""name"": ""2026-05-27T08-40-23-868Z-67chdd.jpg"", ""size"": 592935}], ""评分"": null}"
rec27ue8jBAtdT,26,这个怎么不算城内的,P2,处理中,再考虑下描述有没有优化空间,王宇轩（实习）,仝夏瀛,2,2026-06-04 14:37:35,仝夏瀛,,1,1,2,"[""C:\\Users\\Administrator\\Documents\\New project\\feishu_base_export\\attachments\\026_rec27ue8jBAtdT\\截图_01_image.png"", ""C:\\Users\\Administrator\\Documents\\New project\\feishu_base_export\\attachments\\026_rec27ue8jBAtdT\\问题描述图片_01_2026-05-28T08-52-05-258Z-p572o7.jpg""]","{""描述"": ""这个怎么不算城内的"", ""截图"": [{""file_token"": ""AsGCbAtPeo5BSUxgQzsczXxFn1X"", ""name"": ""image.png"", ""size"": 36938}], ""优先级"": [""P2""], ""状态"": [""处理中""], ""备注"": ""再考虑下描述有没有优化空间"", ""策划"": [{""id"": ""ou_91ac14683e3cf2bbf37e301fb24469f1"", ""name"": ""王宇轩（实习）""}], ""提出人"": [{""id"": ""ou_24c7971a3d10e864bce81a21ebe76a41"", ""name"": ""仝夏瀛""}], ""点赞人数"": 2, ""创建时间"": ""2026-06-04 14:37:35"", ""点赞/取消人员列表"": [{""id"": ""ou_24c7971a3d10e864bce81a21ebe76a41"", ""name"": ""仝夏瀛""}], ""问题描述图片"": [{""file_token"": ""JLqnbwQnNouMdpxdppwcKbWwnCe"", ""name"": ""2026-05-28T08-52-05-258Z-p572o7.jpg"", ""size"": 351225}], ""评分"": null}"
rec27uvq7ulqyP,27,荒野征服活动里，已经领完奖的条目信息比较冗余，可以按照第二张图片优化一下显示的信息,P2,处理中,,王宇轩（实习）,仝夏瀛,0,2026-06-04 14:37:35,,,2,1,3,"[""C:\\Users\\Administrator\\Documents\\New project\\feishu_base_export\\attachments\\027_rec27uvq7ulqyP\\截图_01_image.png"", ""C:\\Users\\Administrator\\Documents\\New project\\feishu_base_export\\attachments\\027_rec27uvq7ulqyP\\截图_02_image.png"", ""C:\\Users\\Administrator\\Documents\\New project\\feishu_base_export\\attachments\\027_rec27uvq7ulqyP\\问题描述图片_01_2026-05-29T01-46-44-590Z-73z0hw.jpg""]","{""描述"": ""荒野征服活动里，已经领完奖的条目信息比较冗余，可以按照第二张图片优化一下显示的信息"", ""截图"": [{""file_token"": ""Tidfb4O7eohOMWxPJCrcis2znwh"", ""name"": ""image.png"", ""size"": 1933753}, {""file_token"": ""CFJQb2SARoq4RnxBVs9cJy84nAd"", ""name"": ""image.png"", ""size"": 1941574}], ""优先级"": [""P2""], ""状态"": [""处理中""], ""备注"": null, ""策划"": [{""id"": ""ou_91ac14683e3cf2bbf37e301fb24469f1"", ""name"": ""王宇轩（实习）""}], ""提出人"": [{""id"": ""ou_24c7971a3d10e864bce81a21ebe76a41"", ""name"": ""仝夏瀛""}], ""点赞人数"": null, ""创建时间"": ""2026-06-04 14:37:35"", ""点赞/取消人员列表"": null, ""问题描述图片"": [{""file_token"": ""DeKwbVp8wogRa2xOq74c8f7Jnbe"", ""name"": ""2026-05-29T01-46-44-590Z-73z0hw.jpg"", ""size"": 449822}], ""评分"": null}"
recvln77h2LdKL,28,快速生产次数用完了，如果这里能收缩或者放下面就好了，在上面显示占位置又不能交互,P2,,,王宇轩（实习）,仝夏瀛,0,2026-06-04 14:37:35,,,1,1,2,"[""C:\\Users\\Administrator\\Documents\\New project\\feishu_base_export\\attachments\\028_recvln77h2LdKL\\截图_01_image.png"", ""C:\\Users\\Administrator\\Documents\\New project\\feishu_base_export\\attachments\\028_recvln77h2LdKL\\问题描述图片_01_2026-06-02T08-08-24-388Z-0hh0mg.jpg""]","{""描述"": ""快速生产次数用完了，如果这里能收缩或者放下面就好了，在上面显示占位置又不能交互"", ""截图"": [{""file_token"": ""M4WObhQQZossgwx7fihcpePDngf"", ""name"": ""image.png"", ""size"": 1700516}], ""优先级"": [""P2""], ""状态"": null, ""备注"": null, ""策划"": [{""id"": ""ou_91ac14683e3cf2bbf37e301fb24469f1"", ""name"": ""王宇轩（实习）""}], ""提出人"": [{""id"": ""ou_24c7971a3d10e864bce81a21ebe76a41"", ""name"": ""仝夏瀛""}], ""点赞人数"": null, ""创建时间"": ""2026-06-04 14:37:35"", ""点赞/取消人员列表"": null, ""问题描述图片"": [{""file_token"": ""GbWnbgpQeojeeSxKDXxc0sPHnKh"", ""name"": ""2026-06-02T08-08-24-388Z-0hh0mg.jpg"", ""size"": 211680}], ""评分"": null}"
recvlncgKlhl37,29,生产线界面有10个舱内产线位，但我不明白什么意思，是随便放置某个资源核心加速？意义不明,P2,,,王宇轩（实习）,仝夏瀛,0,2026-06-04 14:37:35,,,1,1,2,"[""C:\\Users\\Administrator\\Documents\\New project\\feishu_base_export\\attachments\\029_recvlncgKlhl37\\截图_01_image.png"", ""C:\\Users\\Administrator\\Documents\\New project\\feishu_base_export\\attachments\\029_recvlncgKlhl37\\问题描述图片_01_2026-06-02T08-31-22-817Z-zc77yw.jpg""]","{""描述"": ""生产线界面有10个舱内产线位，但我不明白什么意思，是随便放置某个资源核心加速？意义不明"", ""截图"": [{""file_token"": ""IKolbHqTYoSdBPxAuCecIzWVnYd"", ""name"": ""image.png"", ""size"": 1784987}], ""优先级"": [""P2""], ""状态"": null, ""备注"": null, ""策划"": [{""id"": ""ou_91ac14683e3cf2bbf37e301fb24469f1"", ""name"": ""王宇轩（实习）""}], ""提出人"": [{""id"": ""ou_24c7971a3d10e864bce81a21ebe76a41"", ""name"": ""仝夏瀛""}], ""点赞人数"": null, ""创建时间"": ""2026-06-04 14:37:35"", ""点赞/取消人员列表"": null, ""问题描述图片"": [{""file_token"": ""AoZwbxfoaoNed3xZ5H9cUVtRnad"", ""name"": ""2026-06-02T08-31-22-817Z-zc77yw.jpg"", ""size"": 440560}], ""评分"": null}"
rec27tJ69uu7yE,30,抽卡载具展示界面排版问题,P2,处理中,"看下能不能缩短描述
wzx备注：在处理",吴子轩,仝夏瀛,0,2026-06-04 14:37:35,,,1,1,2,"[""C:\\Users\\Administrator\\Documents\\New project\\feishu_base_export\\attachments\\030_rec27tJ69uu7yE\\截图_01_image.png"", ""C:\\Users\\Administrator\\Documents\\New project\\feishu_base_export\\attachments\\030_rec27tJ69uu7yE\\问题描述图片_01_2026-05-27T08-40-30-462Z-0idkqg.jpg""]","{""描述"": ""抽卡载具展示界面排版问题"", ""截图"": [{""file_token"": ""Be4obRUQLoonffxO0zPcYXhXn6f"", ""name"": ""image.png"", ""size"": 2692348}], ""优先级"": [""P2""], ""状态"": [""处理中""], ""备注"": ""看下能不能缩短描述\nwzx备注：在处理"", ""策划"": [{""id"": ""ou_e3c15c5cf72dc420c217f4606a049d7f"", ""name"": ""吴子轩""}], ""提出人"": [{""id"": ""ou_24c7971a3d10e864bce81a21ebe76a41"", ""name"": ""仝夏瀛""}], ""点赞人数"": null, ""创建时间"": ""2026-06-04 14:37:35"", ""点赞/取消人员列表"": null, ""问题描述图片"": [{""file_token"": ""OQXhbOvDIo84LCxI97Zc4DR7nKc"", ""name"": ""2026-05-27T08-40-30-462Z-0idkqg.jpg"", ""size"": 192175}], ""评分"": null}"
rec27u6FjQvBEj,31,主界面Buff的ICON里看不到BUFF的具体数值,P2,处理中,程序在处理,吴子轩,仝夏瀛,0,2026-06-04 14:37:35,,,1,1,2,"[""C:\\Users\\Administrator\\Documents\\New project\\feishu_base_export\\attachments\\031_rec27u6FjQvBEj\\截图_01_image.png"", ""C:\\Users\\Administrator\\Documents\\New project\\feishu_base_export\\attachments\\031_rec27u6FjQvBEj\\问题描述图片_01_2026-05-28T01-33-46-909Z-a16vce.jpg""]","{""描述"": ""主界面Buff的ICON里看不到BUFF的具体数值"", ""截图"": [{""file_token"": ""Gbrebws9ToT07DxfFRqcEeeFn7d"", ""name"": ""image.png"", ""size"": 66602}], ""优先级"": [""P2""], ""状态"": [""处理中""], ""备注"": ""程序在处理"", ""策划"": [{""id"": ""ou_e3c15c5cf72dc420c217f4606a049d7f"", ""name"": ""吴子轩""}], ""提出人"": [{""id"": ""ou_24c7971a3d10e864bce81a21ebe76a41"", ""name"": ""仝夏瀛""}], ""点赞人数"": null, ""创建时间"": ""2026-06-04 14:37:35"", ""点赞/取消人员列表"": null, ""问题描述图片"": [{""file_token"": ""DGo5bfHVko8rCRxndFAcCYHVnUl"", ""name"": ""2026-05-28T01-33-46-909Z-a16vce.jpg"", ""size"": 677584}], ""评分"": null}"
rec27uDZ4LpICl,32,暴击率词条哪里看,,,,吴子轩,仝夏瀛,0,2026-06-04 14:37:35,,,2,1,3,"[""C:\\Users\\Administrator\\Documents\\New project\\feishu_base_export\\attachments\\032_rec27uDZ4LpICl\\截图_01_image.png"", ""C:\\Users\\Administrator\\Documents\\New project\\feishu_base_export\\attachments\\032_rec27uDZ4LpICl\\截图_02_image.png"", ""C:\\Users\\Administrator\\Documents\\New project\\feishu_base_export\\attachments\\032_rec27uDZ4LpICl\\问题描述图片_01_2026-05-29T10-09-21-701Z-68q8bi.jpg""]","{""描述"": ""暴击率词条哪里看"", ""截图"": [{""file_token"": ""Piu7bwJXpoEZ1QxsMptc0xB9nZe"", ""name"": ""image.png"", ""size"": 1164588}, {""file_token"": ""BpKqbbcVpoO5DQxPHWucm330nNf"", ""name"": ""image.png"", ""size"": 1206750}], ""优先级"": null, ""状态"": null, ""备注"": null, ""策划"": [{""id"": ""ou_e3c15c5cf72dc420c217f4606a049d7f"", ""name"": ""吴子轩""}], ""提出人"": [{""id"": ""ou_24c7971a3d10e864bce81a21ebe76a41"", ""name"": ""仝夏瀛""}], ""点赞人数"": null, ""创建时间"": ""2026-06-04 14:37:35"", ""点赞/取消人员列表"": null, ""问题描述图片"": [{""file_token"": ""A51pbP7Lno6HZdxFJRgcH0xOnVg"", ""name"": ""2026-05-29T10-09-21-701Z-68q8bi.jpg"", ""size"": 248291}], ""评分"": null}"
recvlngsI2JWVx,33,点超链接文本没反应，那这个的意义是？,P2,,,吴子轩,仝夏瀛,0,2026-06-04 14:37:35,,,1,1,2,"[""C:\\Users\\Administrator\\Documents\\New project\\feishu_base_export\\attachments\\033_recvlngsI2JWVx\\截图_01_image.png"", ""C:\\Users\\Administrator\\Documents\\New project\\feishu_base_export\\attachments\\033_recvlngsI2JWVx\\问题描述图片_01_2026-06-02T08-45-04-028Z-e4bixw.jpg""]","{""描述"": ""点超链接文本没反应，那这个的意义是？"", ""截图"": [{""file_token"": ""Pdc2bcgJCoqzg5x1n91cCl58nyb"", ""name"": ""image.png"", ""size"": 717921}], ""优先级"": [""P2""], ""状态"": null, ""备注"": null, ""策划"": [{""id"": ""ou_e3c15c5cf72dc420c217f4606a049d7f"", ""name"": ""吴子轩""}], ""提出人"": [{""id"": ""ou_24c7971a3d10e864bce81a21ebe76a41"", ""name"": ""仝夏瀛""}], ""点赞人数"": null, ""创建时间"": ""2026-06-04 14:37:35"", ""点赞/取消人员列表"": null, ""问题描述图片"": [{""file_token"": ""Uy2Jb46Olo3QFwx9Txzcl2rendg"", ""name"": ""2026-06-02T08-45-04-028Z-e4bixw.jpg"", ""size"": 239439}], ""评分"": null}"
recvkaAxhCeRIS,34,实验室缺乏游戏目标，没有好的效果做为反馈来追求,P1,缺方案,,杨心权,仝夏瀛,0,2026-06-04 14:37:35,,,1,1,2,"[""C:\\Users\\Administrator\\Documents\\New project\\feishu_base_export\\attachments\\034_recvkaAxhCeRIS\\截图_01_08_lab_no_goal.jpg"", ""C:\\Users\\Administrator\\Documents\\New project\\feishu_base_export\\attachments\\034_recvkaAxhCeRIS\\问题描述图片_01_2026-05-27T08-40-34-298Z-zek6li.jpg""]","{""描述"": ""实验室缺乏游戏目标，没有好的效果做为反馈来追求"", ""截图"": [{""file_token"": ""WrCQbWS88oPfKCxcQMacbMZwnlb"", ""name"": ""08_lab_no_goal.jpg"", ""size"": 80392}], ""优先级"": [""P1""], ""状态"": [""缺方案""], ""备注"": null, ""策划"": [{""id"": ""ou_d8d7c174961e537f1b9669c085b5d82a"", ""name"": ""杨心权""}], ""提出人"": [{""id"": ""ou_24c7971a3d10e864bce81a21ebe76a41"", ""name"": ""仝夏瀛""}], ""点赞人数"": null, ""创建时间"": ""2026-06-04 14:37:35"", ""点赞/取消人员列表"": null, ""问题描述图片"": [{""file_token"": ""NokIbNLoEoEFTdxpsYlcd7Sin3e"", ""name"": ""2026-05-27T08-40-34-298Z-zek6li.jpg"", ""size"": 450708}], ""评分"": null}"
recvkaAxhCKVws,35,势力值追求不明确，第一次接触到势力值属性，不知道怎么追求,P1,处理中,,杨心权,仝夏瀛,0,2026-06-04 14:37:35,,,1,1,2,"[""C:\\Users\\Administrator\\Documents\\New project\\feishu_base_export\\attachments\\035_recvkaAxhCKVws\\截图_01_09_power_value.jpg"", ""C:\\Users\\Administrator\\Documents\\New project\\feishu_base_export\\attachments\\035_recvkaAxhCKVws\\问题描述图片_01_2026-05-27T08-40-22-727Z-03ba4f.jpg""]","{""描述"": ""势力值追求不明确，第一次接触到势力值属性，不知道怎么追求"", ""截图"": [{""file_token"": ""C52ubOPSfo6Gw9xWKIVcVOJJnUf"", ""name"": ""09_power_value.jpg"", ""size"": 39620}], ""优先级"": [""P1""], ""状态"": [""处理中""], ""备注"": null, ""策划"": [{""id"": ""ou_d8d7c174961e537f1b9669c085b5d82a"", ""name"": ""杨心权""}], ""提出人"": [{""id"": ""ou_24c7971a3d10e864bce81a21ebe76a41"", ""name"": ""仝夏瀛""}], ""点赞人数"": null, ""创建时间"": ""2026-06-04 14:37:35"", ""点赞/取消人员列表"": null, ""问题描述图片"": [{""file_token"": ""LG5VbFPD4oQvdJxf7qHcIDl4nUd"", ""name"": ""2026-05-27T08-40-22-727Z-03ba4f.jpg"", ""size"": 564518}], ""评分"": null}"
recvkdEEvFw0Oq,36,铜币不知道从哪来的，前期提升战力比较有用，但感受不到获取来源,P1,处理中,,杨心权,仝夏瀛,0,2026-06-04 14:37:35,,,1,1,2,"[""C:\\Users\\Administrator\\Documents\\New project\\feishu_base_export\\attachments\\036_recvkdEEvFw0Oq\\截图_01_image.png"", ""C:\\Users\\Administrator\\Documents\\New project\\feishu_base_export\\attachments\\036_recvkdEEvFw0Oq\\问题描述图片_01_2026-05-27T08-40-40-227Z-fbtje9.jpg""]","{""描述"": ""铜币不知道从哪来的，前期提升战力比较有用，但感受不到获取来源"", ""截图"": [{""file_token"": ""VuMBb3Sxpo1PLjxrWsjcLPW0nmd"", ""name"": ""image.png"", ""size"": 18662}], ""优先级"": [""P1""], ""状态"": [""处理中""], ""备注"": null, ""策划"": [{""id"": ""ou_d8d7c174961e537f1b9669c085b5d82a"", ""name"": ""杨心权""}], ""提出人"": [{""id"": ""ou_24c7971a3d10e864bce81a21ebe76a41"", ""name"": ""仝夏瀛""}], ""点赞人数"": null, ""创建时间"": ""2026-06-04 14:37:35"", ""点赞/取消人员列表"": null, ""问题描述图片"": [{""file_token"": ""MJWHbfLVWoN7pgx25VBcIYCknSd"", ""name"": ""2026-05-27T08-40-40-227Z-fbtje9.jpg"", ""size"": 265214}], ""评分"": null}"
recvkZs3SMYmat,37,"载具修复页面
1.第一次不足的时候不知道咋办
2.这个界面里的单位描边特别粗
[https://applink.feishu.cn/client/message/link/open?token=Ami3n14CAwACahk5dOZCDNM%3D](https://applink.feishu.cn/client/message/link/open?token=Ami3n14CAwACahk5dOZCDNM%3D)",P2,处理中,"第1条处理中
第2条已处理",杨心权,仝夏瀛,0,2026-06-04 14:37:35,,,0,1,1,"[""C:\\Users\\Administrator\\Documents\\New project\\feishu_base_export\\attachments\\037_recvkZs3SMYmat\\问题描述图片_01_2026-05-29T07-00-37-161Z-iyq914.jpg""]","{""描述"": ""载具修复页面\n1.第一次不足的时候不知道咋办\n2.这个界面里的单位描边特别粗\n[https://applink.feishu.cn/client/message/link/open?token=Ami3n14CAwACahk5dOZCDNM%3D](https://applink.feishu.cn/client/message/link/open?token=Ami3n14CAwACahk5dOZCDNM%3D)"", ""截图"": null, ""优先级"": [""P2""], ""状态"": [""处理中""], ""备注"": ""第1条处理中\n第2条已处理"", ""策划"": [{""id"": ""ou_d8d7c174961e537f1b9669c085b5d82a"", ""name"": ""杨心权""}], ""提出人"": [{""id"": ""ou_24c7971a3d10e864bce81a21ebe76a41"", ""name"": ""仝夏瀛""}], ""点赞人数"": null, ""创建时间"": ""2026-06-04 14:37:35"", ""点赞/取消人员列表"": null, ""问题描述图片"": [{""file_token"": ""VkIrbysTRovMMfxGTBDc05IwnWb"", ""name"": ""2026-05-29T07-00-37-161Z-iyq914.jpg"", ""size"": 469857}], ""评分"": null}"
rec27uxw3TK4B9,38,基地和场景切换时有瞬间穿帮,P2,处理中,,杨心权,仝夏瀛,0,2026-06-04 14:37:35,,,2,1,3,"[""C:\\Users\\Administrator\\Documents\\New project\\feishu_base_export\\attachments\\038_rec27uxw3TK4B9\\截图_01_20260529113850_rec_.mp4"", ""C:\\Users\\Administrator\\Documents\\New project\\feishu_base_export\\attachments\\038_rec27uxw3TK4B9\\截图_02_image.png"", ""C:\\Users\\Administrator\\Documents\\New project\\feishu_base_export\\attachments\\038_rec27uxw3TK4B9\\问题描述图片_01_2026-05-29T03-49-45-497Z-we4yia.jpg""]","{""描述"": ""基地和场景切换时有瞬间穿帮"", ""截图"": [{""file_token"": ""Npyqb3ocXoHGMpxB3FGcvjT0nNf"", ""name"": ""20260529113850_rec_.mp4"", ""size"": 5864907}, {""file_token"": ""OOhgbO8HKooLEQxaMuDchgy4nBh"", ""name"": ""image.png"", ""size"": 103348}], ""优先级"": [""P2""], ""状态"": [""处理中""], ""备注"": null, ""策划"": [{""id"": ""ou_d8d7c174961e537f1b9669c085b5d82a"", ""name"": ""杨心权""}], ""提出人"": [{""id"": ""ou_24c7971a3d10e864bce81a21ebe76a41"", ""name"": ""仝夏瀛""}], ""点赞人数"": null, ""创建时间"": ""2026-06-04 14:37:35"", ""点赞/取消人员列表"": null, ""问题描述图片"": [{""file_token"": ""IbDObujkLoI9Olxiq8FcE58vn6d"", ""name"": ""2026-05-29T03-49-45-497Z-we4yia.jpg"", ""size"": 264314}], ""评分"": null}"
recvkTW3xboojL,39,能切换技能的载具（蜘蛛）在介绍页面看不了第二套技能。需增加切换方式,P2,,,杨心权,仝夏瀛,0,2026-06-04 14:37:35,,,0,1,1,"[""C:\\Users\\Administrator\\Documents\\New project\\feishu_base_export\\attachments\\039_recvkTW3xboojL\\问题描述图片_01_2026-05-28T08-22-21-725Z-n8y0ej.jpg""]","{""描述"": ""能切换技能的载具（蜘蛛）在介绍页面看不了第二套技能。需增加切换方式"", ""截图"": null, ""优先级"": [""P2""], ""状态"": null, ""备注"": null, ""策划"": [{""id"": ""ou_d8d7c174961e537f1b9669c085b5d82a"", ""name"": ""杨心权""}], ""提出人"": [{""id"": ""ou_24c7971a3d10e864bce81a21ebe76a41"", ""name"": ""仝夏瀛""}], ""点赞人数"": null, ""创建时间"": ""2026-06-04 14:37:35"", ""点赞/取消人员列表"": null, ""问题描述图片"": [{""file_token"": ""GZHzb0YFLoltoXxDQxUcTCi2nLb"", ""name"": ""2026-05-28T08-22-21-725Z-n8y0ej.jpg"", ""size"": 497162}], ""评分"": null}"
rec27u6GeVJKJf,40,王虫掉落资源核心加一个动画来示意,P2,,,杨心权,仝夏瀛,0,2026-06-04 14:37:35,,,1,1,2,"[""C:\\Users\\Administrator\\Documents\\New project\\feishu_base_export\\attachments\\040_rec27u6GeVJKJf\\截图_01_image.png"", ""C:\\Users\\Administrator\\Documents\\New project\\feishu_base_export\\attachments\\040_rec27u6GeVJKJf\\问题描述图片_01_2026-05-28T01-34-39-941Z-vwmv6n.jpg""]","{""描述"": ""王虫掉落资源核心加一个动画来示意"", ""截图"": [{""file_token"": ""BZFbbBIAKoxtcJxjJIzcGsurnfe"", ""name"": ""image.png"", ""size"": 919081}], ""优先级"": [""P2""], ""状态"": null, ""备注"": null, ""策划"": [{""id"": ""ou_d8d7c174961e537f1b9669c085b5d82a"", ""name"": ""杨心权""}], ""提出人"": [{""id"": ""ou_24c7971a3d10e864bce81a21ebe76a41"", ""name"": ""仝夏瀛""}], ""点赞人数"": null, ""创建时间"": ""2026-06-04 14:37:35"", ""点赞/取消人员列表"": null, ""问题描述图片"": [{""file_token"": ""P4JnbUZjaomqKWxYTojcpKfpnqe"", ""name"": ""2026-05-28T01-34-39-941Z-vwmv6n.jpg"", ""size"": 317686}], ""评分"": null}"
recvkZsQl4y1Cw,41,"只有一个模组可以升阶时没有一键升阶按钮，红点提示但不好找可升阶模组
在模组多的时候感觉有点难受——不好找哪个模组可以升阶",P2,,需要想一下,杨心权,仝夏瀛,0,2026-06-04 14:37:35,,,1,1,2,"[""C:\\Users\\Administrator\\Documents\\New project\\feishu_base_export\\attachments\\041_recvkZsQl4y1Cw\\截图_01_image.png"", ""C:\\Users\\Administrator\\Documents\\New project\\feishu_base_export\\attachments\\041_recvkZsQl4y1Cw\\问题描述图片_01_2026-05-29T07-05-27-847Z-8e57kr.jpg""]","{""描述"": ""只有一个模组可以升阶时没有一键升阶按钮，红点提示但不好找可升阶模组\n在模组多的时候感觉有点难受——不好找哪个模组可以升阶"", ""截图"": [{""file_token"": ""E1HTbbVrooYTlFxUdsvclt89nAe"", ""name"": ""image.png"", ""size"": 614147}], ""优先级"": [""P2""], ""状态"": null, ""备注"": ""需要想一下"", ""策划"": [{""id"": ""ou_d8d7c174961e537f1b9669c085b5d82a"", ""name"": ""杨心权""}], ""提出人"": [{""id"": ""ou_24c7971a3d10e864bce81a21ebe76a41"", ""name"": ""仝夏瀛""}], ""点赞人数"": null, ""创建时间"": ""2026-06-04 14:37:35"", ""点赞/取消人员列表"": null, ""问题描述图片"": [{""file_token"": ""N59nbReJHozErJxkPo6cpwTEnJc"", ""name"": ""2026-05-29T07-05-27-847Z-8e57kr.jpg"", ""size"": 589477}], ""评分"": null}"
rec27uE438TTDe,42,想要一键升级功能常驻,P2,,和上条的需求其实是一致的。需要想一下,杨心权,仝夏瀛,0,2026-06-04 14:37:35,,,2,1,3,"[""C:\\Users\\Administrator\\Documents\\New project\\feishu_base_export\\attachments\\042_rec27uE438TTDe\\截图_01_image.png"", ""C:\\Users\\Administrator\\Documents\\New project\\feishu_base_export\\attachments\\042_rec27uE438TTDe\\截图_02_image.png"", ""C:\\Users\\Administrator\\Documents\\New project\\feishu_base_export\\attachments\\042_rec27uE438TTDe\\问题描述图片_01_2026-05-29T10-14-04-996Z-n7wcv2.jpg""]","{""描述"": ""想要一键升级功能常驻"", ""截图"": [{""file_token"": ""WlDabmueUo0dE8xfQJHcpw0pn0d"", ""name"": ""image.png"", ""size"": 162256}, {""file_token"": ""OvxpbmRadoA50WxHpTOc9ODvnwc"", ""name"": ""image.png"", ""size"": 1158809}], ""优先级"": [""P2""], ""状态"": null, ""备注"": ""和上条的需求其实是一致的。需要想一下"", ""策划"": [{""id"": ""ou_d8d7c174961e537f1b9669c085b5d82a"", ""name"": ""杨心权""}], ""提出人"": [{""id"": ""ou_24c7971a3d10e864bce81a21ebe76a41"", ""name"": ""仝夏瀛""}], ""点赞人数"": null, ""创建时间"": ""2026-06-04 14:37:35"", ""点赞/取消人员列表"": null, ""问题描述图片"": [{""file_token"": ""Ti5Zbi9jxoEOrUx3c8TcN4ilnOf"", ""name"": ""2026-05-29T10-14-04-996Z-n7wcv2.jpg"", ""size"": 418316}], ""评分"": null}"
recvln5OYCvJzw,43,载具返回基地时显示“移动中”不太明白意思，改成“返回基地中”是不是更合适一些？,P2,,,杨心权,仝夏瀛,0,2026-06-04 14:37:35,,,1,1,2,"[""C:\\Users\\Administrator\\Documents\\New project\\feishu_base_export\\attachments\\043_recvln5OYCvJzw\\截图_01_image.png"", ""C:\\Users\\Administrator\\Documents\\New project\\feishu_base_export\\attachments\\043_recvln5OYCvJzw\\问题描述图片_01_2026-06-02T08-03-32-085Z-jr9g5m.jpg""]","{""描述"": ""载具返回基地时显示“移动中”不太明白意思，改成“返回基地中”是不是更合适一些？"", ""截图"": [{""file_token"": ""L6WHbpiino4jEixRRbCcik2anVh"", ""name"": ""image.png"", ""size"": 1730679}], ""优先级"": [""P2""], ""状态"": null, ""备注"": null, ""策划"": [{""id"": ""ou_d8d7c174961e537f1b9669c085b5d82a"", ""name"": ""杨心权""}], ""提出人"": [{""id"": ""ou_24c7971a3d10e864bce81a21ebe76a41"", ""name"": ""仝夏瀛""}], ""点赞人数"": null, ""创建时间"": ""2026-06-04 14:37:35"", ""点赞/取消人员列表"": null, ""问题描述图片"": [{""file_token"": ""EAx8bAfxaoWP0Qx0LwccQJqYnKc"", ""name"": ""2026-06-02T08-03-32-085Z-jr9g5m.jpg"", ""size"": 434341}], ""评分"": null}"
recvkaAxhChQTP,44,王虫激活按钮不易发现，打开弹窗后容易意识不到王虫身上有个激活按钮,P1,设计中,[城外王虫弹窗界面优化](https://centurygames.feishu.cn/wiki/VSZyw5XRZiW06MkvcC2ch18hnPc),张泽臻,仝夏瀛,0,2026-06-04 14:37:35,,,1,1,2,"[""C:\\Users\\Administrator\\Documents\\New project\\feishu_base_export\\attachments\\044_recvkaAxhChQTP\\截图_01_04_king_worm_button.jpg"", ""C:\\Users\\Administrator\\Documents\\New project\\feishu_base_export\\attachments\\044_recvkaAxhChQTP\\问题描述图片_01_2026-05-27T08-40-29-009Z-w2uacl.jpg""]","{""描述"": ""王虫激活按钮不易发现，打开弹窗后容易意识不到王虫身上有个激活按钮"", ""截图"": [{""file_token"": ""JiQGbEswjob2mQx7yfYcsKDtnTd"", ""name"": ""04_king_worm_button.jpg"", ""size"": 274147}], ""优先级"": [""P1""], ""状态"": [""设计中""], ""备注"": ""[城外王虫弹窗界面优化](https://centurygames.feishu.cn/wiki/VSZyw5XRZiW06MkvcC2ch18hnPc)"", ""策划"": [{""id"": ""ou_8346f4e78e89369b9113a2608ac6bd87"", ""name"": ""张泽臻""}], ""提出人"": [{""id"": ""ou_24c7971a3d10e864bce81a21ebe76a41"", ""name"": ""仝夏瀛""}], ""点赞人数"": null, ""创建时间"": ""2026-06-04 14:37:35"", ""点赞/取消人员列表"": null, ""问题描述图片"": [{""file_token"": ""WahzbVvw3ojZ4WxgzTAcZUibn3g"", ""name"": ""2026-05-27T08-40-29-009Z-w2uacl.jpg"", ""size"": 305601}], ""评分"": null}"
recvkaAxhCzOtB,45,演习的战力警告提示条目布局问题，条目离数字太远了，如果字体变色奇怪，可以在前面加上 ✅ ❌的标记,P1,设计中,[内城王虫交互优化20260521](https://centurygames.feishu.cn/wiki/Mi26waYzuiINqUkrKW2c1gNtnre),张泽臻,仝夏瀛,0,2026-06-04 14:37:35,,,1,1,2,"[""C:\\Users\\Administrator\\Documents\\New project\\feishu_base_export\\attachments\\045_recvkaAxhCzOtB\\截图_01_05_exercise_reward.jpg"", ""C:\\Users\\Administrator\\Documents\\New project\\feishu_base_export\\attachments\\045_recvkaAxhCzOtB\\问题描述图片_01_2026-05-27T08-40-49-850Z-hz6hq9.jpg""]","{""描述"": ""演习的战力警告提示条目布局问题，条目离数字太远了，如果字体变色奇怪，可以在前面加上 ✅ ❌的标记"", ""截图"": [{""file_token"": ""WlkubvHQ3oKYkpxjHxpcVIlJnUg"", ""name"": ""05_exercise_reward.jpg"", ""size"": 120690}], ""优先级"": [""P1""], ""状态"": [""设计中""], ""备注"": ""[内城王虫交互优化20260521](https://centurygames.feishu.cn/wiki/Mi26waYzuiINqUkrKW2c1gNtnre)"", ""策划"": [{""id"": ""ou_8346f4e78e89369b9113a2608ac6bd87"", ""name"": ""张泽臻""}], ""提出人"": [{""id"": ""ou_24c7971a3d10e864bce81a21ebe76a41"", ""name"": ""仝夏瀛""}], ""点赞人数"": null, ""创建时间"": ""2026-06-04 14:37:35"", ""点赞/取消人员列表"": null, ""问题描述图片"": [{""file_token"": ""FaDtbcW4eo9Ht0xEISHcBZYsnWf"", ""name"": ""2026-05-27T08-40-49-850Z-hz6hq9.jpg"", ""size"": 453557}], ""评分"": null}"
recvkaAxhCiJa7,46,找对应等级王虫困难，找对应等级的王虫很蛋疼,P1,处理中,[搜索异兽](https://centurygames.feishu.cn/wiki/EdnhwZxtViZGMqkh4kmcg3y7npg),张泽臻,仝夏瀛,0,2026-06-04 14:37:35,,,0,1,1,"[""C:\\Users\\Administrator\\Documents\\New project\\feishu_base_export\\attachments\\046_recvkaAxhCiJa7\\问题描述图片_01_2026-05-27T08-40-39-212Z-s0gnx4.jpg""]","{""描述"": ""找对应等级王虫困难，找对应等级的王虫很蛋疼"", ""截图"": null, ""优先级"": [""P1""], ""状态"": [""处理中""], ""备注"": ""[搜索异兽](https://centurygames.feishu.cn/wiki/EdnhwZxtViZGMqkh4kmcg3y7npg)"", ""策划"": [{""id"": ""ou_8346f4e78e89369b9113a2608ac6bd87"", ""name"": ""张泽臻""}], ""提出人"": [{""id"": ""ou_24c7971a3d10e864bce81a21ebe76a41"", ""name"": ""仝夏瀛""}], ""点赞人数"": null, ""创建时间"": ""2026-06-04 14:37:35"", ""点赞/取消人员列表"": null, ""问题描述图片"": [{""file_token"": ""M8babyY1JoHPpcxFhavc7mGOnEg"", ""name"": ""2026-05-27T08-40-39-212Z-s0gnx4.jpg"", ""size"": 301152}], ""评分"": null}"
recvkaCk2jL3ld,47,地格弹窗残留，按钮文案优化；地格的弹窗进出城后还存在，看着有点奇怪，另外点击主城出现的按钮不要叫返回，叫“基地”,P1,处理中,[https://project.feishu.cn/t0k6tk/issue/detail/6997657491](https://project.feishu.cn/t0k6tk/issue/detail/6997657491),张泽臻,仝夏瀛,0,2026-06-04 14:37:35,,,1,1,2,"[""C:\\Users\\Administrator\\Documents\\New project\\feishu_base_export\\attachments\\047_recvkaCk2jL3ld\\截图_01_地格按钮.mp4"", ""C:\\Users\\Administrator\\Documents\\New project\\feishu_base_export\\attachments\\047_recvkaCk2jL3ld\\问题描述图片_01_2026-05-27T08-40-54-986Z-zr7ri2.jpg""]","{""描述"": ""地格弹窗残留，按钮文案优化；地格的弹窗进出城后还存在，看着有点奇怪，另外点击主城出现的按钮不要叫返回，叫“基地”"", ""截图"": [{""file_token"": ""IwB1bywKWobH4dxKEb1cUSrSn7e"", ""name"": ""地格按钮.mp4"", ""size"": 2895891}], ""优先级"": [""P1""], ""状态"": [""处理中""], ""备注"": ""[https://project.feishu.cn/t0k6tk/issue/detail/6997657491](https://project.feishu.cn/t0k6tk/issue/detail/6997657491)"", ""策划"": [{""id"": ""ou_8346f4e78e89369b9113a2608ac6bd87"", ""name"": ""张泽臻""}], ""提出人"": [{""id"": ""ou_24c7971a3d10e864bce81a21ebe76a41"", ""name"": ""仝夏瀛""}], ""点赞人数"": null, ""创建时间"": ""2026-06-04 14:37:35"", ""点赞/取消人员列表"": null, ""问题描述图片"": [{""file_token"": ""Im41bb9BMoH27Lxw08TchZ4dncg"", ""name"": ""2026-05-27T08-40-54-986Z-zr7ri2.jpg"", ""size"": 489025}], ""评分"": null}"
recvkdEWQj9qMd,48,内城的红点得想办法穿透出来，及时提醒玩家,P2,处理中,[https://project.feishu.cn/t0k6tk/issue/detail/6997070240](https://project.feishu.cn/t0k6tk/issue/detail/6997070240),张泽臻,仝夏瀛,0,2026-06-04 14:37:35,,,1,1,2,"[""C:\\Users\\Administrator\\Documents\\New project\\feishu_base_export\\attachments\\048_recvkdEWQj9qMd\\截图_01_image.png"", ""C:\\Users\\Administrator\\Documents\\New project\\feishu_base_export\\attachments\\048_recvkdEWQj9qMd\\问题描述图片_01_2026-05-27T08-40-22-287Z-mimg5d.jpg""]","{""描述"": ""内城的红点得想办法穿透出来，及时提醒玩家"", ""截图"": [{""file_token"": ""PoCzb0teboBV4FxokhjcDyx1nRh"", ""name"": ""image.png"", ""size"": 477949}], ""优先级"": [""P2""], ""状态"": [""处理中""], ""备注"": ""[https://project.feishu.cn/t0k6tk/issue/detail/6997070240](https://project.feishu.cn/t0k6tk/issue/detail/6997070240)"", ""策划"": [{""id"": ""ou_8346f4e78e89369b9113a2608ac6bd87"", ""name"": ""张泽臻""}], ""提出人"": [{""id"": ""ou_24c7971a3d10e864bce81a21ebe76a41"", ""name"": ""仝夏瀛""}], ""点赞人数"": null, ""创建时间"": ""2026-06-04 14:37:35"", ""点赞/取消人员列表"": null, ""问题描述图片"": [{""file_token"": ""X2lrbq0CGoxr0wxXhXAcuTpfnkb"", ""name"": ""2026-05-27T08-40-22-287Z-mimg5d.jpg"", ""size"": 353121}], ""评分"": null}"
recvkdVvRC7c42,49,射程远的单位，在前往攻击王虫时，路线会被其他界面遮挡，导致会误解没有响应用户操作,P2,设计中,[远程攻击单位攻击目标时路线被遮挡](https://centurygames.feishu.cn/wiki/WuxYwtzemiHKIQkwUcYcpS36nZe),张泽臻,仝夏瀛,0,2026-06-04 14:37:35,,,1,1,2,"[""C:\\Users\\Administrator\\Documents\\New project\\feishu_base_export\\attachments\\049_recvkdVvRC7c42\\截图_01_20260521115539_rec_.mp4"", ""C:\\Users\\Administrator\\Documents\\New project\\feishu_base_export\\attachments\\049_recvkdVvRC7c42\\问题描述图片_01_2026-05-27T08-40-41-765Z-wh7wam.jpg""]","{""描述"": ""射程远的单位，在前往攻击王虫时，路线会被其他界面遮挡，导致会误解没有响应用户操作"", ""截图"": [{""file_token"": ""Bco6bfY7eoMjv9x7S5QcCfTJnWd"", ""name"": ""20260521115539_rec_.mp4"", ""size"": 13113551}], ""优先级"": [""P2""], ""状态"": [""设计中""], ""备注"": ""[远程攻击单位攻击目标时路线被遮挡](https://centurygames.feishu.cn/wiki/WuxYwtzemiHKIQkwUcYcpS36nZe)"", ""策划"": [{""id"": ""ou_8346f4e78e89369b9113a2608ac6bd87"", ""name"": ""张泽臻""}], ""提出人"": [{""id"": ""ou_24c7971a3d10e864bce81a21ebe76a41"", ""name"": ""仝夏瀛""}], ""点赞人数"": null, ""创建时间"": ""2026-06-04 14:37:35"", ""点赞/取消人员列表"": null, ""问题描述图片"": [{""file_token"": ""BFJEbXm7LoPbg8xZKSocQrKqnDc"", ""name"": ""2026-05-27T08-40-41-765Z-wh7wam.jpg"", ""size"": 381236}], ""评分"": null}"
recvkfKukkzFic,50,王虫奖励弹窗优化信息展示，包含经验,P1,设计中,[城外王虫弹窗界面优化](https://centurygames.feishu.cn/wiki/VSZyw5XRZiW06MkvcC2ch18hnPc),张泽臻,仝夏瀛,0,2026-06-04 14:37:35,,,1,1,2,"[""C:\\Users\\Administrator\\Documents\\New project\\feishu_base_export\\attachments\\050_recvkfKukkzFic\\截图_01_image.png"", ""C:\\Users\\Administrator\\Documents\\New project\\feishu_base_export\\attachments\\050_recvkfKukkzFic\\问题描述图片_01_2026-05-27T08-40-33-477Z-avbu8b.jpg""]","{""描述"": ""王虫奖励弹窗优化信息展示，包含经验"", ""截图"": [{""file_token"": ""RDuSbbhCYo4VnSxrOs2ctwCEn2g"", ""name"": ""image.png"", ""size"": 289373}], ""优先级"": [""P1""], ""状态"": [""设计中""], ""备注"": ""[城外王虫弹窗界面优化](https://centurygames.feishu.cn/wiki/VSZyw5XRZiW06MkvcC2ch18hnPc)"", ""策划"": [{""id"": ""ou_8346f4e78e89369b9113a2608ac6bd87"", ""name"": ""张泽臻""}], ""提出人"": [{""id"": ""ou_24c7971a3d10e864bce81a21ebe76a41"", ""name"": ""仝夏瀛""}], ""点赞人数"": null, ""创建时间"": ""2026-06-04 14:37:35"", ""点赞/取消人员列表"": null, ""问题描述图片"": [{""file_token"": ""SegWb9376oeFhzxUlbfcG3fKnVc"", ""name"": ""2026-05-27T08-40-33-477Z-avbu8b.jpg"", ""size"": 202697}], ""评分"": null}"
recvkfQ2aY765i,51,激活异兽条件不满足的时候优化多语言富文本，清晰条件显示,P1,设计中,[城外王虫弹窗界面优化](https://centurygames.feishu.cn/wiki/VSZyw5XRZiW06MkvcC2ch18hnPc),张泽臻,仝夏瀛,0,2026-06-04 14:37:35,,,1,1,2,"[""C:\\Users\\Administrator\\Documents\\New project\\feishu_base_export\\attachments\\051_recvkfQ2aY765i\\截图_01_image.png"", ""C:\\Users\\Administrator\\Documents\\New project\\feishu_base_export\\attachments\\051_recvkfQ2aY765i\\问题描述图片_01_2026-05-27T08-40-18-687Z-1jdrb3.jpg""]","{""描述"": ""激活异兽条件不满足的时候优化多语言富文本，清晰条件显示"", ""截图"": [{""file_token"": ""WfbNbtP9goMfuLxqhOGczFEYnIh"", ""name"": ""image.png"", ""size"": 56689}], ""优先级"": [""P1""], ""状态"": [""设计中""], ""备注"": ""[城外王虫弹窗界面优化](https://centurygames.feishu.cn/wiki/VSZyw5XRZiW06MkvcC2ch18hnPc)"", ""策划"": [{""id"": ""ou_8346f4e78e89369b9113a2608ac6bd87"", ""name"": ""张泽臻""}], ""提出人"": [{""id"": ""ou_24c7971a3d10e864bce81a21ebe76a41"", ""name"": ""仝夏瀛""}], ""点赞人数"": null, ""创建时间"": ""2026-06-04 14:37:35"", ""点赞/取消人员列表"": null, ""问题描述图片"": [{""file_token"": ""PAefb1IzHosC5fx6AvpcWXdBnqg"", ""name"": ""2026-05-27T08-40-18-687Z-1jdrb3.jpg"", ""size"": 434457}], ""评分"": null}"
recvkfR5c92MOF,52,王虫和基地密度太高了，刷新王虫和生成基地的时候搞个最小距离半径？,P1,处理中,王虫新增距离基地的最小距离限制，基地之间的距离限制增大,张泽臻,仝夏瀛,0,2026-06-04 14:37:35,,,0,1,1,"[""C:\\Users\\Administrator\\Documents\\New project\\feishu_base_export\\attachments\\052_recvkfR5c92MOF\\问题描述图片_01_2026-05-27T08-40-14-660Z-vxlufn.jpg""]","{""描述"": ""王虫和基地密度太高了，刷新王虫和生成基地的时候搞个最小距离半径？"", ""截图"": null, ""优先级"": [""P1""], ""状态"": [""处理中""], ""备注"": ""王虫新增距离基地的最小距离限制，基地之间的距离限制增大"", ""策划"": [{""id"": ""ou_8346f4e78e89369b9113a2608ac6bd87"", ""name"": ""张泽臻""}], ""提出人"": [{""id"": ""ou_24c7971a3d10e864bce81a21ebe76a41"", ""name"": ""仝夏瀛""}], ""点赞人数"": null, ""创建时间"": ""2026-06-04 14:37:35"", ""点赞/取消人员列表"": null, ""问题描述图片"": [{""file_token"": ""Xdykb79nZo8shWxG9vvcS78FnRa"", ""name"": ""2026-05-27T08-40-14-660Z-vxlufn.jpg"", ""size"": 383027}], ""评分"": null}"
recvkGzEFiKFWn,53,打完城外王虫增加类似升级表现的经验表现变化,P1,设计中,"弹出这个表现需要做一点延迟，避免玩家看着王虫还没死，就弹出这个很明显的提示
[打完城外王虫增加类似升级表现的经验表现变化](https://centurygames.feishu.cn/wiki/XHe9wZHqkihyovkP9Olcoz3gndf)
[https://project.feishu.cn/t0k6tk/story/detail/6999883068](https://project.feishu.cn/t0k6tk/story/detail/6999883068)",张泽臻,仝夏瀛,0,2026-06-04 14:37:35,,,0,1,1,"[""C:\\Users\\Administrator\\Documents\\New project\\feishu_base_export\\attachments\\053_recvkGzEFiKFWn\\问题描述图片_01_2026-05-27T08-40-33-574Z-az9zk3.jpg""]","{""描述"": ""打完城外王虫增加类似升级表现的经验表现变化"", ""截图"": null, ""优先级"": [""P1""], ""状态"": [""设计中""], ""备注"": ""弹出这个表现需要做一点延迟，避免玩家看着王虫还没死，就弹出这个很明显的提示\n[打完城外王虫增加类似升级表现的经验表现变化](https://centurygames.feishu.cn/wiki/XHe9wZHqkihyovkP9Olcoz3gndf)\n[https://project.feishu.cn/t0k6tk/story/detail/6999883068](https://project.feishu.cn/t0k6tk/story/detail/6999883068)"", ""策划"": [{""id"": ""ou_8346f4e78e89369b9113a2608ac6bd87"", ""name"": ""张泽臻""}], ""提出人"": [{""id"": ""ou_24c7971a3d10e864bce81a21ebe76a41"", ""name"": ""仝夏瀛""}], ""点赞人数"": null, ""创建时间"": ""2026-06-04 14:37:35"", ""点赞/取消人员列表"": null, ""问题描述图片"": [{""file_token"": ""LGtSbskSMoZW6Kx4e24cSvoDnjb"", ""name"": ""2026-05-27T08-40-33-574Z-az9zk3.jpg"", ""size"": 430070}], ""评分"": null}"
rec27uwvDPY6mn,54,偶尔会出现字体破碎的问题,P2,处理中,"[https://project.feishu.cn/t0k6tk/issue/detail/7002604856](https://project.feishu.cn/t0k6tk/issue/detail/7002604856)
已开单",张泽臻,仝夏瀛,0,2026-06-04 14:37:35,,,1,1,2,"[""C:\\Users\\Administrator\\Documents\\New project\\feishu_base_export\\attachments\\054_rec27uwvDPY6mn\\截图_01_image.png"", ""C:\\Users\\Administrator\\Documents\\New project\\feishu_base_export\\attachments\\054_rec27uwvDPY6mn\\问题描述图片_01_2026-05-29T02-50-41-727Z-bnmfrn.jpg""]","{""描述"": ""偶尔会出现字体破碎的问题"", ""截图"": [{""file_token"": ""GCbpb7fnfo9THfx6SbocywWnn5c"", ""name"": ""image.png"", ""size"": 718116}], ""优先级"": [""P2""], ""状态"": [""处理中""], ""备注"": ""[https://project.feishu.cn/t0k6tk/issue/detail/7002604856](https://project.feishu.cn/t0k6tk/issue/detail/7002604856)\n已开单"", ""策划"": [{""id"": ""ou_8346f4e78e89369b9113a2608ac6bd87"", ""name"": ""张泽臻""}], ""提出人"": [{""id"": ""ou_24c7971a3d10e864bce81a21ebe76a41"", ""name"": ""仝夏瀛""}], ""点赞人数"": null, ""创建时间"": ""2026-06-04 14:37:35"", ""点赞/取消人员列表"": null, ""问题描述图片"": [{""file_token"": ""ZQiBbkrolo3WILx9HbkcvOHXntE"", ""name"": ""2026-05-29T02-50-41-727Z-bnmfrn.jpg"", ""size"": 197823}], ""评分"": null}"
rec27uAEpelv5L,55,增加载具回城特效,P2,,,张泽臻,仝夏瀛,0,2026-06-04 14:37:35,,,1,1,2,"[""C:\\Users\\Administrator\\Documents\\New project\\feishu_base_export\\attachments\\055_rec27uAEpelv5L\\截图_01_飞书20260529-145320.mp4"", ""C:\\Users\\Administrator\\Documents\\New project\\feishu_base_export\\attachments\\055_rec27uAEpelv5L\\问题描述图片_01_2026-05-29T06-53-48-874Z-82ut67.jpg""]","{""描述"": ""增加载具回城特效"", ""截图"": [{""file_token"": ""PbN0bX1LboagjBxJk0Hc4rPQnqK"", ""name"": ""飞书20260529-145320.mp4"", ""size"": 1276962}], ""优先级"": [""P2""], ""状态"": null, ""备注"": null, ""策划"": [{""id"": ""ou_8346f4e78e89369b9113a2608ac6bd87"", ""name"": ""张泽臻""}], ""提出人"": [{""id"": ""ou_24c7971a3d10e864bce81a21ebe76a41"", ""name"": ""仝夏瀛""}], ""点赞人数"": null, ""创建时间"": ""2026-06-04 14:37:35"", ""点赞/取消人员列表"": null, ""问题描述图片"": [{""file_token"": ""Zn0RbfaEuoMrYxx78ogcAUcsntg"", ""name"": ""2026-05-29T06-53-48-874Z-82ut67.jpg"", ""size"": 365646}], ""评分"": null}"
rec27wdLo3OUi2,56,高台路线开始不显示，走到了对应的点才会有,,,,,仝夏瀛,0,2026-06-04 14:37:35,,,1,1,2,"[""C:\\Users\\Administrator\\Documents\\New project\\feishu_base_export\\attachments\\056_rec27wdLo3OUi2\\截图_01_20260602-0946-39.3704136.mp4"", ""C:\\Users\\Administrator\\Documents\\New project\\feishu_base_export\\attachments\\056_rec27wdLo3OUi2\\问题描述图片_01_2026-06-02T09-48-25-675Z-99jt3h.jpg""]","{""描述"": ""高台路线开始不显示，走到了对应的点才会有"", ""截图"": [{""file_token"": ""Btejb5ZymoYoVcxgqgacpgvKnjd"", ""name"": ""20260602-0946-39.3704136.mp4"", ""size"": 39265038}], ""优先级"": null, ""状态"": null, ""备注"": null, ""策划"": null, ""提出人"": [{""id"": ""ou_24c7971a3d10e864bce81a21ebe76a41"", ""name"": ""仝夏瀛""}], ""点赞人数"": null, ""创建时间"": ""2026-06-04 14:37:35"", ""点赞/取消人员列表"": null, ""问题描述图片"": [{""file_token"": ""Ffg8bkYjAoVlPbxv5IQcw5gmnsc"", ""name"": ""2026-06-02T09-48-25-675Z-99jt3h.jpg"", ""size"": 351692}], ""评分"": null}"
